AREA,SUB AREA,AGE GROUP,SEASON,WEEK,PERCENT I,PERCENT P&I,PERCENT PIC,NUM INFLUENZA DEATHS,NUM PNEUMONIA DEATHS,NUM COVID-19 DEATHS,TOTAL PIC,TOTAL DEATHS,PERCENT COMPLETE
State,Alabama,All,2023-24,40,,4.6,5.9,0,48,21,62,"1,050",> 100%
State,Alabama,All,2023-24,41,,5.5,6.8,0,60,20,74,"1,094",> 100%
State,Alabama,All,2023-24,42,,4.5,5.5,0,47,14,57,"1,043",> 100%
State,Alabama,All,2023-24,43,,5,5.4,1,53,8,59,"1,085",> 100%
State,Alabama,All,2023-24,44,,4.7,6.2,1,52,20,69,"1,121",> 100%
State,Alabama,All,2023-24,45,,5.5,6.7,1,59,19,73,"1,089",> 100%
State,Alabama,All,2023-24,46,,7,7.7,5,73,18,86,"1,113",> 100%
State,Alabama,All,2023-24,47,,4.3,5.3,1,47,13,59,"1,105",> 100%
State,Alabama,All,2023-24,48,,6.2,7.9,2,69,26,90,"1,140",> 100%
State,Alabama,All,2023-24,49,,5.5,6.7,4,64,22,84,"1,245",> 100%
State,Alabama,All,2023-24,50,,6.7,8.1,6,76,29,99,"1,228",> 100%
State,Alabama,All,2023-24,51,,6,7.9,14,62,34,101,"1,276",> 100%
State,Alabama,All,2023-24,52,,8.1,10,25,78,36,128,"1,275",> 100%
State,Alabama,All,2023-24,1,,8.6,10.2,23,89,31,132,"1,296",> 100%
State,Alabama,All,2023-24,2,,7.7,10.2,19,82,49,133,"1,307",> 100%
State,Alabama,All,2023-24,3,,7.1,9.4,8,83,43,120,"1,280",> 100%
State,Alabama,All,2023-24,4,,7.9,9.4,12,93,34,126,"1,334",> 100%
State,Alabama,All,2023-24,5,,7,9.2,8,74,39,109,"1,179",> 100%
State,Alabama,All,2023-24,6,,5.7,7.2,6,63,27,87,"1,206",> 100%
State,Alabama,All,2023-24,7,,6.3,7.5,5,65,19,83,"1,103",> 100%
State,Alabama,All,2023-24,8,,7.1,7.8,5,72,24,84,"1,081",> 100%
State,Alabama,All,2023-24,9,,6.1,7.5,4,60,26,79,"1,049",> 100%
State,Alabama,All,2023-24,10,,6.3,7.8,7,59,22,82,"1,048",> 100%
State,Alabama,All,2023-24,11,,5.3,6.6,3,49,18,65,988,> 100%
State,Alabama,All,2023-24,12,,5.4,6,2,46,12,53,884,> 100%
State,Alabama,All,2023-24,13,,6.5,7.8,1,42,11,51,657,97.7%
State,Alabama,All,2023-24,14,,5.6,6.2,1,17,3,20,323,48%
State,Alaska,All,2023-24,40,,4.6,7.3,1,4,3,8,109,> 100%
State,Alaska,All,2023-24,41,,6.1,7.9,2,5,4,9,114,> 100%
State,Alaska,All,2023-24,42,,7.8,8.8,0,8,1,9,102,> 100%
State,Alaska,All,2023-24,43,,6.5,8.4,1,6,2,9,107,> 100%
State,Alaska,All,2023-24,44,,9.8,12.7,6,4,4,13,102,> 100%
State,Alaska,All,2023-24,45,,6,6,2,6,0,8,133,> 100%
State,Alaska,All,2023-24,46,,6,8.6,3,4,3,10,116,> 100%
State,Alaska,All,2023-24,47,,2.6,2.6,1,2,0,3,114,> 100%
State,Alaska,All,2023-24,48,,4.7,4.7,1,4,0,5,107,> 100%
State,Alaska,All,2023-24,49,,4,4,0,4,0,4,99,> 100%
State,Alaska,All,2023-24,50,,4.8,4.8,0,5,1,5,104,> 100%
State,Alaska,All,2023-24,51,,0,1.9,0,0,2,2,105,> 100%
State,Alaska,All,2023-24,52,,4.8,4.8,1,5,0,6,124,> 100%
State,Alaska,All,2023-24,1,,3.8,3.8,0,4,0,4,104,> 100%
State,Alaska,All,2023-24,2,,7.7,8.5,1,8,1,10,117,> 100%
State,Alaska,All,2023-24,3,,8.4,11.2,1,8,4,12,107,> 100%
State,Alaska,All,2023-24,4,,5.2,5.2,1,5,2,6,116,> 100%
State,Alaska,All,2023-24,5,,2.6,4.4,0,3,3,5,114,> 100%
State,Alaska,All,2023-24,6,,5.8,6.7,1,6,1,8,120,> 100%
State,Alaska,All,2023-24,7,,8.7,10.4,0,10,3,12,115,> 100%
State,Alaska,All,2023-24,8,,4,6.1,0,4,2,6,99,> 100%
State,Alaska,All,2023-24,9,,7.5,7.5,0,7,2,7,93,> 100%
State,Alaska,All,2023-24,10,,3,6,0,2,3,4,67,> 100%
State,Alaska,All,2023-24,11,,6.4,9,1,4,2,7,78,> 100%
State,Alaska,All,2023-24,12,,3.7,3.7,1,1,1,2,54,92.6%
State,Alaska,All,2023-24,13,,0,3.8,0,0,1,1,26,44.6%
State,Alaska,All,2023-24,14,,,,Insufficient Data,Insufficient Data,Insufficient Data,Insufficient Data,Insufficient Data,< 20%
State,Arizona,All,2023-24,40,,5.3,6.7,1,67,27,87,"1,295",> 100%
State,Arizona,All,2023-24,41,,5.8,7.2,0,74,29,91,"1,270",> 100%
State,Arizona,All,2023-24,42,,5.4,7.2,3,66,39,92,"1,286",> 100%
State,Arizona,All,2023-24,43,,5.1,7,0,64,35,88,"1,259",> 100%
State,Arizona,All,2023-24,44,,4.8,6.2,1,61,28,79,"1,282",> 100%
State,Arizona,All,2023-24,45,,5.1,6.4,1,65,30,84,"1,303",> 100%
State,Arizona,All,2023-24,46,,6.5,7.6,4,82,26,101,"1,333",> 100%
State,Arizona,All,2023-24,47,,6.3,7.4,4,76,36,95,"1,278",> 100%
State,Arizona,All,2023-24,48,,6.1,7.8,3,80,37,106,"1,352",> 100%
State,Arizona,All,2023-24,49,,6.6,8.5,8,85,43,120,"1,409",> 100%
State,Arizona,All,2023-24,50,,6.7,9,2,89,46,122,"1,360",> 100%
State,Arizona,All,2023-24,51,,7.4,9,15,93,34,132,"1,459",> 100%
State,Arizona,All,2023-24,52,,6.6,8.1,10,82,36,113,"1,388",> 100%
State,Arizona,All,2023-24,1,,8.7,10.1,25,106,40,153,"1,509",> 100%
State,Arizona,All,2023-24,2,,7.8,9.6,9,114,52,151,"1,571",> 100%
State,Arizona,All,2023-24,3,,8.4,9.5,20,108,40,144,"1,519",> 100%
State,Arizona,All,2023-24,4,,7.6,9.9,14,99,53,147,"1,486",> 100%
State,Arizona,All,2023-24,5,,7.2,8.1,11,90,24,114,"1,402",> 100%
State,Arizona,All,2023-24,6,,7.4,8.1,4,96,24,109,"1,346",> 100%
State,Arizona,All,2023-24,7,,5.7,6.3,4,73,15,85,"1,350",> 100%
State,Arizona,All,2023-24,8,,6,7,2,76,23,91,"1,302",> 100%
State,Arizona,All,2023-24,9,,5.7,6.3,3,73,20,84,"1,341",> 100%
State,Arizona,All,2023-24,10,,4.3,4.8,3,52,11,62,"1,283",> 100%
State,Arizona,All,2023-24,11,,6.1,6.8,2,78,18,89,"1,305",> 100%
State,Arizona,All,2023-24,12,,5.5,5.9,3,65,7,73,"1,238",> 100%
State,Arizona,All,2023-24,13,,6.2,6.7,3,59,11,67,999,> 100%
State,Arizona,All,2023-24,14,,5.4,5.8,0,32,5,34,589,83.7%
State,Arkansas,All,2023-24,40,,6.8,7.9,0,47,17,55,694,> 100%
State,Arkansas,All,2023-24,41,,5.1,6.2,1,32,13,40,648,> 100%
State,Arkansas,All,2023-24,42,,4.6,6,0,31,9,40,671,> 100%
State,Arkansas,All,2023-24,43,,6.2,7,1,44,8,51,731,> 100%
State,Arkansas,All,2023-24,44,,6.6,7.3,0,46,6,51,695,> 100%
State,Arkansas,All,2023-24,45,,7.1,7.8,1,48,11,54,690,> 100%
State,Arkansas,All,2023-24,46,,5.8,7.1,1,38,17,48,675,> 100%
State,Arkansas,All,2023-24,47,,6.8,8.1,0,42,11,50,617,> 100%
State,Arkansas,All,2023-24,48,,7.8,8.7,0,54,7,60,690,> 100%
State,Arkansas,All,2023-24,49,,6.2,8.4,2,44,21,62,742,> 100%
State,Arkansas,All,2023-24,50,,8.3,9.7,0,60,19,70,724,> 100%
State,Arkansas,All,2023-24,51,,7.4,9.2,6,50,21,69,752,> 100%
State,Arkansas,All,2023-24,52,,8.5,9.7,2,58,15,69,709,> 100%
State,Arkansas,All,2023-24,1,,9.4,11.7,5,66,31,88,755,> 100%
State,Arkansas,All,2023-24,2,,9.6,11,3,72,25,86,784,> 100%
State,Arkansas,All,2023-24,3,,8.4,10.4,5,61,32,82,786,> 100%
State,Arkansas,All,2023-24,4,,9.5,12.2,9,66,31,96,786,> 100%
State,Arkansas,All,2023-24,5,,8.2,9.2,9,53,16,70,759,> 100%
State,Arkansas,All,2023-24,6,,9.2,10.7,5,65,21,81,758,> 100%
State,Arkansas,All,2023-24,7,,8.1,9.6,5,52,11,68,706,> 100%
State,Arkansas,All,2023-24,8,,7.5,8.1,7,46,9,57,707,> 100%
State,Arkansas,All,2023-24,9,,7.6,8.1,10,42,6,56,688,> 100%
State,Arkansas,All,2023-24,10,,7.5,8.1,9,42,10,55,677,> 100%
State,Arkansas,All,2023-24,11,,8.2,10.2,11,43,20,67,659,> 100%
State,Arkansas,All,2023-24,12,,7.4,8.3,3,40,10,48,581,> 100%
State,Arkansas,All,2023-24,13,,6.5,7.3,3,29,7,36,494,> 100%
State,Arkansas,All,2023-24,14,,5.4,5.4,3,11,0,14,258,58.5%
State,California,All,2023-24,40,,6.5,7.6,1,354,119,414,"5,454",> 100%
State,California,All,2023-24,41,,6,7,2,322,94,380,"5,443",> 100%
State,California,All,2023-24,42,,6.6,7.7,4,351,108,411,"5,367",> 100%
State,California,All,2023-24,43,,7.2,8.3,5,374,89,436,"5,254",> 100%
State,California,All,2023-24,44,,6.2,7,3,338,81,387,"5,538",> 100%
State,California,All,2023-24,45,,6.9,7.7,12,374,84,430,"5,585",> 100%
State,California,All,2023-24,46,,7.3,8.4,5,408,102,477,"5,681",> 100%
State,California,All,2023-24,47,,7.9,9,12,433,127,507,"5,641",> 100%
State,California,All,2023-24,48,,8.2,9.6,21,460,150,567,"5,895",> 100%
State,California,All,2023-24,49,,8.1,9.7,26,446,147,569,"5,855",> 100%
State,California,All,2023-24,50,,8.3,9.7,36,470,159,590,"6,109",> 100%
State,California,All,2023-24,51,,9.5,10.9,44,553,192,689,"6,316",> 100%
State,California,All,2023-24,52,,9.2,10.9,60,502,185,666,"6,124",> 100%
State,California,All,2023-24,1,,10.4,12.3,93,560,218,767,"6,251",> 100%
State,California,All,2023-24,2,,9.7,11.2,71,544,189,712,"6,338",> 100%
State,California,All,2023-24,3,,9.1,10.8,57,515,194,674,"6,259",> 100%
State,California,All,2023-24,4,,8.8,10.2,35,484,147,602,"5,906",> 100%
State,California,All,2023-24,5,,8.5,9.8,30,451,138,557,"5,670",> 100%
State,California,All,2023-24,6,,7.5,8.6,23,399,140,486,"5,653",> 100%
State,California,All,2023-24,7,,7.7,8.7,24,413,101,497,"5,686",> 100%
State,California,All,2023-24,8,,7.6,8.5,9,416,95,478,"5,618",> 100%
State,California,All,2023-24,9,,7.2,8.2,11,372,96,437,"5,355",> 100%
State,California,All,2023-24,10,,7.1,7.7,6,369,67,407,"5,262",> 100%
State,California,All,2023-24,11,,7.1,7.9,4,359,68,403,"5,101",> 100%
State,California,All,2023-24,12,,7.1,7.8,7,324,55,363,"4,662",> 100%
State,California,All,2023-24,13,,7.4,7.9,3,248,32,269,"3,411",> 100%
State,California,All,2023-24,14,,5.7,6.1,0,75,8,80,"1,309",39.1%
State,Colorado,All,2023-24,40,,5.4,7,2,43,16,58,833,> 100%
State,Colorado,All,2023-24,41,,5.9,7.3,2,53,25,68,927,> 100%
State,Colorado,All,2023-24,42,,5.8,8.1,0,49,29,69,852,> 100%
State,Colorado,All,2023-24,43,,5.9,8.4,0,53,29,75,897,> 100%
State,Colorado,All,2023-24,44,,5.8,9.4,0,50,39,81,859,> 100%
State,Colorado,All,2023-24,45,,5.7,9,2,48,37,79,877,> 100%
State,Colorado,All,2023-24,46,,5.3,7.7,1,46,39,68,883,> 100%
State,Colorado,All,2023-24,47,,7.3,9.6,3,59,36,82,853,> 100%
State,Colorado,All,2023-24,48,,7.1,9.4,6,59,35,86,916,> 100%
State,Colorado,All,2023-24,49,,5.4,8.6,4,47,44,81,947,> 100%
State,Colorado,All,2023-24,50,,6.5,8.6,9,48,28,76,882,> 100%
State,Colorado,All,2023-24,51,,6.2,8.4,8,49,32,77,922,> 100%
State,Colorado,All,2023-24,52,,6.5,8.1,11,50,22,77,945,> 100%
State,Colorado,All,2023-24,1,,6.4,8.6,13,48,30,81,947,> 100%
State,Colorado,All,2023-24,2,,8.6,10.4,13,65,28,94,902,> 100%
State,Colorado,All,2023-24,3,,7.9,9.3,14,59,20,86,924,> 100%
State,Colorado,All,2023-24,4,,6.6,7.9,3,57,22,71,904,> 100%
State,Colorado,All,2023-24,5,,6.9,8.1,9,52,18,72,887,> 100%
State,Colorado,All,2023-24,6,,6.8,7.9,7,49,14,65,826,> 100%
State,Colorado,All,2023-24,7,,5.8,7.5,7,38,15,58,775,> 100%
State,Colorado,All,2023-24,8,,4.4,5,8,30,7,43,858,> 100%
State,Colorado,All,2023-24,9,,5.1,5.5,3,41,7,47,857,> 100%
State,Colorado,All,2023-24,10,,4.8,4.9,5,37,4,43,875,> 100%
State,Colorado,All,2023-24,11,,4.1,5,6,26,9,39,773,> 100%
State,Colorado,All,2023-24,12,,3.9,4.4,3,25,7,32,726,> 100%
State,Colorado,All,2023-24,13,,6.1,6.5,3,30,3,35,540,96.8%
State,Colorado,All,2023-24,14,,4.9,5.7,1,17,3,21,371,66.5%
State,Connecticut,All,2023-24,40,,6,8.5,0,38,22,54,635,> 100%
State,Connecticut,All,2023-24,41,,6.5,8,0,40,15,49,611,> 100%
State,Connecticut,All,2023-24,42,,8.9,10.4,0,58,16,68,654,> 100%
State,Connecticut,All,2023-24,43,,8.4,10.1,3,50,20,64,632,> 100%
State,Connecticut,All,2023-24,44,,7.3,8.7,0,49,18,59,675,> 100%
State,Connecticut,All,2023-24,45,,7.4,9.1,0,50,21,62,678,> 100%
State,Connecticut,All,2023-24,46,,6.8,9.4,0,40,22,55,586,> 100%
State,Connecticut,All,2023-24,47,,8.6,9.9,0,58,15,67,677,> 100%
State,Connecticut,All,2023-24,48,,8,9.8,4,46,18,61,624,> 100%
State,Connecticut,All,2023-24,49,,8.5,10.3,3,54,18,69,668,> 100%
State,Connecticut,All,2023-24,50,,8,10.1,5,47,26,66,654,> 100%
State,Connecticut,All,2023-24,51,,10.8,12.5,6,66,16,83,665,> 100%
State,Connecticut,All,2023-24,52,,9.3,11.7,7,59,25,83,708,> 100%
State,Connecticut,All,2023-24,1,,9.4,11.8,7,61,25,85,721,> 100%
State,Connecticut,All,2023-24,2,,11.4,14.3,10,74,36,106,739,> 100%
State,Connecticut,All,2023-24,3,,10.2,14,5,61,30,91,650,> 100%
State,Connecticut,All,2023-24,4,,10.5,13.2,4,69,29,92,695,> 100%
State,Connecticut,All,2023-24,5,,9.9,11.9,5,59,24,77,647,> 100%
State,Connecticut,All,2023-24,6,,7.3,9,2,46,18,59,659,> 100%
State,Connecticut,All,2023-24,7,,9.5,10.9,3,56,18,68,622,> 100%
State,Connecticut,All,2023-24,8,,7.9,9.3,5,46,16,60,642,> 100%
State,Connecticut,All,2023-24,9,,8.7,10.1,5,53,10,67,663,> 100%
State,Connecticut,All,2023-24,10,,9.8,10.8,3,60,11,70,646,> 100%
State,Connecticut,All,2023-24,11,,8.4,9.5,9,45,11,61,640,> 100%
State,Connecticut,All,2023-24,12,,7.3,7.5,5,35,3,41,550,> 100%
State,Connecticut,All,2023-24,13,,3.9,4.4,1,8,1,10,229,54.1%
State,Connecticut,All,2023-24,14,,,,Insufficient Data,Insufficient Data,Insufficient Data,Insufficient Data,Insufficient Data,< 20%
State,Delaware,All,2023-24,40,,6.2,8.5,0,13,8,18,211,> 100%
State,Delaware,All,2023-24,41,,8,10.4,0,16,7,21,201,> 100%
State,Delaware,All,2023-24,42,,3.9,3.9,0,7,0,7,179,> 100%
State,Delaware,All,2023-24,43,,4.9,6.3,0,11,5,14,223,> 100%
State,Delaware,All,2023-24,44,,4.9,7,0,9,5,13,185,> 100%
State,Delaware,All,2023-24,45,,6.5,7.4,0,14,4,16,217,> 100%
State,Delaware,All,2023-24,46,,10.1,10.1,0,21,3,21,208,> 100%
State,Delaware,All,2023-24,47,,8.4,8.9,0,18,3,19,214,> 100%
State,Delaware,All,2023-24,48,,10.3,11.3,0,21,4,23,203,> 100%
State,Delaware,All,2023-24,49,,8.3,11.8,0,19,11,27,228,> 100%
State,Delaware,All,2023-24,50,,8,10.8,0,17,9,23,212,> 100%
State,Delaware,All,2023-24,51,,7.6,8.9,5,13,7,21,237,> 100%
State,Delaware,All,2023-24,52,,10.2,13.9,3,19,11,30,216,> 100%
State,Delaware,All,2023-24,1,,9.3,11,6,16,8,26,236,> 100%
State,Delaware,All,2023-24,2,,12.5,14.1,6,25,8,35,248,> 100%
State,Delaware,All,2023-24,3,,10.9,14.1,3,21,11,31,220,> 100%
State,Delaware,All,2023-24,4,,8.4,12.1,4,16,17,29,239,> 100%
State,Delaware,All,2023-24,5,,9.9,12.3,3,17,7,25,203,> 100%
State,Delaware,All,2023-24,6,,7.8,11.7,2,14,12,24,206,> 100%
State,Delaware,All,2023-24,7,,4.4,7.8,0,9,7,16,204,> 100%
State,Delaware,All,2023-24,8,,5.7,8,1,11,8,17,212,> 100%
State,Delaware,All,2023-24,9,,7.7,10.4,1,16,10,23,222,> 100%
State,Delaware,All,2023-24,10,,6,6.6,0,11,2,12,182,> 100%
State,Delaware,All,2023-24,11,,6.4,8.2,0,11,4,14,171,> 100%
State,Delaware,All,2023-24,12,,12,13.3,2,18,4,22,166,> 100%
State,Delaware,All,2023-24,13,,8.4,10.3,1,8,3,11,107,86.3%
State,Delaware,All,2023-24,14,,,,Insufficient Data,Insufficient Data,Insufficient Data,Insufficient Data,Insufficient Data,< 20%
State,District of Columbia,All,2023-24,40,,7.9,10.1,0,7,2,9,89,> 100%
State,District of Columbia,All,2023-24,41,,7.3,9.4,0,7,3,9,96,> 100%
State,District of Columbia,All,2023-24,42,,2.4,3.6,0,2,2,3,83,> 100%
State,District of Columbia,All,2023-24,43,,4.7,5.7,0,5,2,6,106,> 100%
State,District of Columbia,All,2023-24,44,,10.1,11.1,0,10,4,11,99,> 100%
State,District of Columbia,All,2023-24,45,,0,2.3,0,0,2,2,86,> 100%
State,District of Columbia,All,2023-24,46,,6.8,7.6,1,8,2,10,132,> 100%
State,District of Columbia,All,2023-24,47,,4.3,6.5,0,4,3,6,93,> 100%
State,District of Columbia,All,2023-24,48,,4.1,4.1,0,4,1,4,97,> 100%
State,District of Columbia,All,2023-24,49,,6.1,6.1,0,7,3,7,115,> 100%
State,District of Columbia,All,2023-24,50,,4.7,4.7,0,4,1,4,86,> 100%
State,District of Columbia,All,2023-24,51,,12,13,0,11,2,12,92,> 100%
State,District of Columbia,All,2023-24,52,,8,8,0,7,2,7,87,> 100%
State,District of Columbia,All,2023-24,1,,7.5,8.5,0,8,3,9,106,> 100%
State,District of Columbia,All,2023-24,2,,8.9,10,2,6,1,9,90,> 100%
State,District of Columbia,All,2023-24,3,,5,5,1,4,1,5,100,> 100%
State,District of Columbia,All,2023-24,4,,9,12.4,0,8,5,11,89,> 100%
State,District of Columbia,All,2023-24,5,,10.7,13.6,0,11,4,14,103,> 100%
State,District of Columbia,All,2023-24,6,,11.6,16.8,0,11,6,16,95,> 100%
State,District of Columbia,All,2023-24,7,,4.9,5.9,0,5,2,6,102,> 100%
State,District of Columbia,All,2023-24,8,,5.8,5.8,0,6,0,6,103,> 100%
State,District of Columbia,All,2023-24,9,,7.3,8.5,0,6,3,7,82,> 100%
State,District of Columbia,All,2023-24,10,,8.8,9.8,0,9,3,10,102,> 100%
State,District of Columbia,All,2023-24,11,,10.3,14.7,1,6,4,10,68,99.1%
State,District of Columbia,All,2023-24,12,,10.7,10.7,0,6,0,6,56,81.6%
State,District of Columbia,All,2023-24,13,,5.6,5.6,0,2,0,2,36,52.4%
State,District of Columbia,All,2023-24,14,,6.3,6.3,0,1,0,1,16,23.3%
State,Florida,All,2023-24,40,,6.6,7.7,2,276,103,322,"4,209",> 100%
State,Florida,All,2023-24,41,,7,8.1,10,294,95,350,"4,323",> 100%
State,Florida,All,2023-24,42,,6.6,7.8,4,271,97,328,"4,191",> 100%
State,Florida,All,2023-24,43,,6.5,7.3,9,271,75,312,"4,285",> 100%
State,Florida,All,2023-24,44,,6.4,7.3,9,268,72,316,"4,306",> 100%
State,Florida,All,2023-24,45,,7.4,8.3,11,316,71,365,"4,416",> 100%
State,Florida,All,2023-24,46,,7.1,7.9,12,293,68,338,"4,295",> 100%
State,Florida,All,2023-24,47,,6.8,7.3,11,267,50,302,"4,109",> 100%
State,Florida,All,2023-24,48,,7.2,8,17,298,65,348,"4,354",> 100%
State,Florida,All,2023-24,49,,7.3,8.1,19,313,67,366,"4,542",> 100%
State,Florida,All,2023-24,50,,7.1,8.1,15,306,70,364,"4,496",> 100%
State,Florida,All,2023-24,51,,7.3,8.1,28,296,48,357,"4,413",> 100%
State,Florida,All,2023-24,52,,8.2,8.8,36,334,65,397,"4,514",> 100%
State,Florida,All,2023-24,1,,8.9,10.3,41,388,124,494,"4,818",> 100%
State,Florida,All,2023-24,2,,9.4,10.7,40,426,133,531,"4,969",> 100%
State,Florida,All,2023-24,3,,8.6,9.9,49,365,117,477,"4,834",> 100%
State,Florida,All,2023-24,4,,7.7,8.9,23,341,119,423,"4,756",> 100%
State,Florida,All,2023-24,5,,7.8,9.3,37,318,139,422,"4,543",> 100%
State,Florida,All,2023-24,6,,8.4,9.9,27,361,141,458,"4,643",> 100%
State,Florida,All,2023-24,7,,8,9.4,32,333,129,428,"4,560",> 100%
State,Florida,All,2023-24,8,,7.7,9.1,30,317,116,410,"4,511",> 100%
State,Florida,All,2023-24,9,,7.4,8.5,20,316,103,389,"4,570",> 100%
State,Florida,All,2023-24,10,,7.2,8.2,24,302,86,368,"4,504",> 100%
State,Florida,All,2023-24,11,,6.5,7.5,16,253,75,307,"4,114",> 100%
State,Florida,All,2023-24,12,,7.1,7.9,16,263,60,308,"3,912",> 100%
State,Florida,All,2023-24,13,,6.6,7.2,10,209,40,238,"3,306",> 100%
State,Florida,All,2023-24,14,,5.9,6.2,6,103,20,116,"1,857",74.6%
State,Georgia,All,2023-24,40,,5.5,6.7,2,96,42,119,"1,770",> 100%
State,Georgia,All,2023-24,41,,4,4.8,1,70,19,85,"1,787",> 100%
State,Georgia,All,2023-24,42,,4.3,5.2,3,74,26,93,"1,772",> 100%
State,Georgia,All,2023-24,43,,4.9,6.1,1,88,33,111,"1,819",> 100%
State,Georgia,All,2023-24,44,,4.4,5.3,2,75,28,93,"1,757",> 100%
State,Georgia,All,2023-24,45,,5,6.2,4,87,32,112,"1,808",> 100%
State,Georgia,All,2023-24,46,,4.9,5.5,2,86,24,99,"1,814",> 100%
State,Georgia,All,2023-24,47,,4.5,5.7,5,76,25,101,"1,787",> 100%
State,Georgia,All,2023-24,48,,5,6,8,87,31,114,"1,890",> 100%
State,Georgia,All,2023-24,49,,4.9,5.7,7,90,25,112,"1,969",> 100%
State,Georgia,All,2023-24,50,,5.2,6.2,11,92,29,121,"1,964",> 100%
State,Georgia,All,2023-24,51,,5.5,6.4,15,96,29,130,"2,028",> 100%
State,Georgia,All,2023-24,52,,8.1,9.6,35,133,53,198,"2,063",> 100%
State,Georgia,All,2023-24,1,,9.2,10.8,37,155,59,226,"2,090",> 100%
State,Georgia,All,2023-24,2,,8.5,10.1,31,153,78,219,"2,164",> 100%
State,Georgia,All,2023-24,3,,8.7,10.8,32,153,73,229,"2,117",> 100%
State,Georgia,All,2023-24,4,,8.1,10,29,135,66,202,"2,029",> 100%
State,Georgia,All,2023-24,5,,6.3,7.7,13,105,43,144,"1,869",> 100%
State,Georgia,All,2023-24,6,,6.1,7.4,14,103,46,141,"1,914",> 100%
State,Georgia,All,2023-24,7,,6.4,7.5,13,107,39,140,"1,863",> 100%
State,Georgia,All,2023-24,8,,6,7.6,4,108,52,142,"1,862",> 100%
State,Georgia,All,2023-24,9,,6.3,7.6,7,97,48,126,"1,648",> 100%
State,Georgia,All,2023-24,10,,6.3,8.1,4,100,44,134,"1,656",> 100%
State,Georgia,All,2023-24,11,,6.8,8.2,3,100,41,124,"1,513",> 100%
State,Georgia,All,2023-24,12,,6.1,7.6,3,72,28,93,"1,224",> 100%
State,Georgia,All,2023-24,13,,5.7,7.1,2,52,22,68,953,90.2%
State,Georgia,All,2023-24,14,,5.9,7,0,26,7,31,443,41.9%
State,Hawaii,All,2023-24,40,,4.8,7,0,11,6,16,228,> 100%
State,Hawaii,All,2023-24,41,,6.4,6.8,1,13,5,15,220,> 100%
State,Hawaii,All,2023-24,42,,5.6,6.5,0,12,3,14,215,> 100%
State,Hawaii,All,2023-24,43,,7.2,8.9,0,17,5,21,236,> 100%
State,Hawaii,All,2023-24,44,,5.9,6.8,1,12,4,15,222,> 100%
State,Hawaii,All,2023-24,45,,6.8,7.7,0,16,6,18,235,> 100%
State,Hawaii,All,2023-24,46,,5.2,6,0,13,3,15,250,> 100%
State,Hawaii,All,2023-24,47,,6.4,7.3,2,13,3,17,234,> 100%
State,Hawaii,All,2023-24,48,,8,8.4,0,20,2,21,250,> 100%
State,Hawaii,All,2023-24,49,,7.9,7.9,4,13,3,17,215,> 100%
State,Hawaii,All,2023-24,50,,5.9,6.3,1,13,2,15,239,> 100%
State,Hawaii,All,2023-24,51,,5.3,5.8,1,12,2,14,243,> 100%
State,Hawaii,All,2023-24,52,,5.1,5.1,1,12,1,13,256,> 100%
State,Hawaii,All,2023-24,1,,7.9,9,1,21,4,25,279,> 100%
State,Hawaii,All,2023-24,2,,9,9.7,3,22,3,27,279,> 100%
State,Hawaii,All,2023-24,3,,9.6,10,0,27,4,28,281,> 100%
State,Hawaii,All,2023-24,4,,7.4,7.7,0,20,5,21,271,> 100%
State,Hawaii,All,2023-24,5,,8.6,9.6,2,22,6,27,280,> 100%
State,Hawaii,All,2023-24,6,,9.6,10.5,1,22,6,25,239,> 100%
State,Hawaii,All,2023-24,7,,5.6,7.2,0,14,7,18,251,> 100%
State,Hawaii,All,2023-24,8,,5.4,5.8,0,14,2,15,258,> 100%
State,Hawaii,All,2023-24,9,,8,9.7,0,18,5,22,226,> 100%
State,Hawaii,All,2023-24,10,,5.4,5.4,0,11,0,11,204,> 100%
State,Hawaii,All,2023-24,11,,7,7.5,1,15,2,17,227,> 100%
State,Hawaii,All,2023-24,12,,3.4,3.9,0,7,1,8,204,> 100%
State,Hawaii,All,2023-24,13,,9.2,9.7,0,19,1,20,206,> 100%
State,Hawaii,All,2023-24,14,,3.8,4.7,0,4,3,5,106,76.8%
State,Idaho,All,2023-24,40,,4.8,5.1,0,15,3,16,314,> 100%
State,Idaho,All,2023-24,41,,5.6,7.1,0,18,7,23,324,> 100%
State,Idaho,All,2023-24,42,,6.2,8.2,1,18,10,25,306,> 100%
State,Idaho,All,2023-24,43,,4.1,6.5,0,14,11,22,339,> 100%
State,Idaho,All,2023-24,44,,4.6,5.5,0,16,6,19,348,> 100%
State,Idaho,All,2023-24,45,,5.4,7.6,0,17,12,24,317,> 100%
State,Idaho,All,2023-24,46,,3.2,4.3,0,11,5,15,347,> 100%
State,Idaho,All,2023-24,47,,3.8,5.2,2,9,5,15,289,> 100%
State,Idaho,All,2023-24,48,,2,5,0,6,9,15,303,> 100%
State,Idaho,All,2023-24,49,,4.2,6.4,2,13,11,23,357,> 100%
State,Idaho,All,2023-24,50,,4.3,6.9,1,14,10,24,349,> 100%
State,Idaho,All,2023-24,51,,5,6.4,3,14,6,22,343,> 100%
State,Idaho,All,2023-24,52,,6.4,8.4,2,18,12,26,311,> 100%
State,Idaho,All,2023-24,1,,6.9,7.9,4,22,8,30,379,> 100%
State,Idaho,All,2023-24,2,,5.7,7.4,7,13,8,26,351,> 100%
State,Idaho,All,2023-24,3,,6.8,8.9,3,20,12,30,336,> 100%
State,Idaho,All,2023-24,4,,5.3,7.4,2,16,11,25,340,> 100%
State,Idaho,All,2023-24,5,,3.4,7.5,2,9,13,24,322,> 100%
State,Idaho,All,2023-24,6,,6.7,8.2,0,23,9,28,341,> 100%
State,Idaho,All,2023-24,7,,4.2,5.2,1,12,5,16,309,> 100%
State,Idaho,All,2023-24,8,,4.2,4.9,2,11,2,15,307,> 100%
State,Idaho,All,2023-24,9,,4,4.7,4,9,3,15,321,> 100%
State,Idaho,All,2023-24,10,,4.9,6.1,4,13,7,21,344,> 100%
State,Idaho,All,2023-24,11,,3.8,5.7,0,12,7,18,314,> 100%
State,Idaho,All,2023-24,12,,5.9,6.3,2,12,4,15,238,> 100%
State,Idaho,All,2023-24,13,,2.9,4.2,0,7,6,10,240,> 100%
State,Idaho,All,2023-24,14,,2.6,2.6,1,2,0,3,116,67.4%
State,Illinois,All,2023-24,40,,5.6,6.5,0,115,37,133,"2,062",> 100%
State,Illinois,All,2023-24,41,,4.7,5.4,0,100,30,114,"2,118",> 100%
State,Illinois,All,2023-24,42,,4.4,5.6,0,96,44,122,"2,193",> 100%
State,Illinois,All,2023-24,43,,6.1,7.2,0,130,49,153,"2,127",> 100%
State,Illinois,All,2023-24,44,,5.7,6.9,1,125,40,151,"2,196",> 100%
State,Illinois,All,2023-24,45,,6.4,7.8,5,144,57,184,"2,344",> 100%
State,Illinois,All,2023-24,46,,5.6,7.5,0,121,61,162,"2,170",> 100%
State,Illinois,All,2023-24,47,,5.8,8,1,135,79,187,"2,327",> 100%
State,Illinois,All,2023-24,48,,7.1,9.1,6,159,72,212,"2,340",> 100%
State,Illinois,All,2023-24,49,,5.5,7.6,5,130,75,186,"2,447",> 100%
State,Illinois,All,2023-24,50,,7.3,9.2,9,171,79,225,"2,453",> 100%
State,Illinois,All,2023-24,51,,6.4,8.7,10,147,84,214,"2,451",> 100%
State,Illinois,All,2023-24,52,,7,8.9,16,150,80,212,"2,372",> 100%
State,Illinois,All,2023-24,1,,7.8,9.6,27,164,81,234,"2,446",> 100%
State,Illinois,All,2023-24,2,,8.5,10.9,25,180,100,263,"2,408",> 100%
State,Illinois,All,2023-24,3,,8,9.5,12,185,73,234,"2,462",> 100%
State,Illinois,All,2023-24,4,,7,8.9,11,154,69,210,"2,347",> 100%
State,Illinois,All,2023-24,5,,7.6,8.6,16,153,44,193,"2,234",> 100%
State,Illinois,All,2023-24,6,,6,7.4,11,121,48,162,"2,199",> 100%
State,Illinois,All,2023-24,7,,6.9,7.8,14,136,34,170,"2,170",> 100%
State,Illinois,All,2023-24,8,,6.7,7.9,13,140,45,180,"2,277",> 100%
State,Illinois,All,2023-24,9,,6.4,7.4,10,135,41,168,"2,275",> 100%
State,Illinois,All,2023-24,10,,6.1,7,11,123,32,153,"2,183",> 100%
State,Illinois,All,2023-24,11,,6.4,7.6,7,129,38,161,"2,118",> 100%
State,Illinois,All,2023-24,12,,6,6.6,10,104,20,127,"1,911",> 100%
State,Illinois,All,2023-24,13,,6.5,7.2,3,116,22,131,"1,821",> 100%
State,Illinois,All,2023-24,14,,8.1,8.7,5,90,14,102,"1,173",87.3%
State,Indiana,All,2023-24,40,,5.8,7.8,0,77,38,104,"1,329",> 100%
State,Indiana,All,2023-24,41,,6.1,7,0,80,21,92,"1,317",> 100%
State,Indiana,All,2023-24,42,,6.9,7.5,1,91,20,99,"1,324",> 100%
State,Indiana,All,2023-24,43,,5.7,7,0,75,30,92,"1,323",> 100%
State,Indiana,All,2023-24,44,,5.6,7.3,0,77,36,101,"1,385",> 100%
State,Indiana,All,2023-24,45,,7.3,9.3,1,101,44,130,"1,393",> 100%
State,Indiana,All,2023-24,46,,6.7,8.6,2,90,39,118,"1,366",> 100%
State,Indiana,All,2023-24,47,,5.9,8.1,2,78,47,109,"1,352",> 100%
State,Indiana,All,2023-24,48,,6.4,8.8,3,85,54,122,"1,380",> 100%
State,Indiana,All,2023-24,49,,8,10.3,5,115,66,154,"1,502",> 100%
State,Indiana,All,2023-24,50,,8.2,11.2,7,109,74,158,"1,414",> 100%
State,Indiana,All,2023-24,51,,7.5,10,14,98,61,149,"1,489",> 100%
State,Indiana,All,2023-24,52,,8.5,11.1,8,113,59,158,"1,429",> 100%
State,Indiana,All,2023-24,1,,9.9,13.3,15,136,82,202,"1,520",> 100%
State,Indiana,All,2023-24,2,,9.6,12.4,16,121,66,176,"1,422",> 100%
State,Indiana,All,2023-24,3,,8.7,10.3,11,119,52,154,"1,488",> 100%
State,Indiana,All,2023-24,4,,9.2,11,15,122,49,164,"1,493",> 100%
State,Indiana,All,2023-24,5,,7,8.5,16,82,31,120,"1,407",> 100%
State,Indiana,All,2023-24,6,,7.7,9.5,15,90,39,130,"1,365",> 100%
State,Indiana,All,2023-24,7,,6.8,8.1,8,81,24,105,"1,303",> 100%
State,Indiana,All,2023-24,8,,8.3,9.3,9,102,28,125,"1,339",> 100%
State,Indiana,All,2023-24,9,,7.7,8.6,12,84,20,107,"1,243",> 100%
State,Indiana,All,2023-24,10,,9.1,9.5,15,102,14,123,"1,290",> 100%
State,Indiana,All,2023-24,11,,7.4,8.4,8,79,25,98,"1,171",> 100%
State,Indiana,All,2023-24,12,,6.9,8,2,73,20,87,"1,083",> 100%
State,Indiana,All,2023-24,13,,6.8,7.5,6,44,7,55,737,92.2%
State,Indiana,All,2023-24,14,,,,Insufficient Data,Insufficient Data,Insufficient Data,Insufficient Data,Insufficient Data,< 20%
State,Iowa,All,2023-24,40,,5.1,6.1,0,30,11,36,588,> 100%
State,Iowa,All,2023-24,41,,5.7,6.9,1,32,13,40,577,> 100%
State,Iowa,All,2023-24,42,,7.6,9.5,1,46,16,59,619,> 100%
State,Iowa,All,2023-24,43,,5,6.8,0,32,14,44,645,> 100%
State,Iowa,All,2023-24,44,,6.1,6.7,2,37,13,43,641,> 100%
State,Iowa,All,2023-24,45,,4.9,7,1,31,23,46,659,> 100%
State,Iowa,All,2023-24,46,,4.9,7.3,1,30,18,46,631,> 100%
State,Iowa,All,2023-24,47,,5.2,7.7,0,33,23,49,638,> 100%
State,Iowa,All,2023-24,48,,6,8.2,0,40,23,55,671,> 100%
State,Iowa,All,2023-24,49,,7,9.4,4,46,27,67,714,> 100%
State,Iowa,All,2023-24,50,,7.3,10.9,2,48,34,75,686,> 100%
State,Iowa,All,2023-24,51,,6.1,9.6,0,43,34,68,705,> 100%
State,Iowa,All,2023-24,52,,7.3,10.5,7,41,31,69,660,> 100%
State,Iowa,All,2023-24,1,,9.1,12,9,54,29,83,692,> 100%
State,Iowa,All,2023-24,2,,8.7,12.7,14,47,44,89,703,> 100%
State,Iowa,All,2023-24,3,,7.4,10.9,8,46,38,79,726,> 100%
State,Iowa,All,2023-24,4,,7.2,10.1,8,46,28,75,746,> 100%
State,Iowa,All,2023-24,5,,5.1,7,3,28,19,43,611,> 100%
State,Iowa,All,2023-24,6,,6.2,7.8,3,34,15,47,600,> 100%
State,Iowa,All,2023-24,7,,7.7,8.7,10,42,9,59,675,> 100%
State,Iowa,All,2023-24,8,,7,7.6,7,39,6,50,654,> 100%
State,Iowa,All,2023-24,9,,6.8,7.9,9,36,11,52,658,> 100%
State,Iowa,All,2023-24,10,,7.8,8.7,7,38,8,50,574,> 100%
State,Iowa,All,2023-24,11,,5,6.2,10,20,9,37,597,> 100%
State,Iowa,All,2023-24,12,,6.4,7.4,6,29,6,40,544,> 100%
State,Iowa,All,2023-24,13,,5.3,6,7,17,3,27,451,> 100%
State,Iowa,All,2023-24,14,,4.8,4.8,1,14,1,15,310,81.3%
State,Kansas,All,2023-24,40,,3.5,4.8,0,19,7,26,539,> 100%
State,Kansas,All,2023-24,41,,3.9,6,0,20,12,31,515,> 100%
State,Kansas,All,2023-24,42,,3.5,4.6,0,19,8,25,545,> 100%
State,Kansas,All,2023-24,43,,8,10.1,1,44,19,57,565,> 100%
State,Kansas,All,2023-24,44,,6.7,7.9,1,36,11,44,556,> 100%
State,Kansas,All,2023-24,45,,4.3,5.6,0,24,11,31,555,> 100%
State,Kansas,All,2023-24,46,,6.2,8.1,0,33,16,43,531,> 100%
State,Kansas,All,2023-24,47,,4.8,5.6,0,28,13,33,586,> 100%
State,Kansas,All,2023-24,48,,5.2,8.8,0,30,31,51,581,> 100%
State,Kansas,All,2023-24,49,,5.7,8.4,1,32,21,49,581,> 100%
State,Kansas,All,2023-24,50,,3.6,6.1,0,22,19,37,608,> 100%
State,Kansas,All,2023-24,51,,6.7,9,3,36,22,52,581,> 100%
State,Kansas,All,2023-24,52,,7.4,9.9,3,42,21,60,605,> 100%
State,Kansas,All,2023-24,1,,8.7,11.8,4,50,30,73,620,> 100%
State,Kansas,All,2023-24,2,,6.5,9.5,1,39,22,58,611,> 100%
State,Kansas,All,2023-24,3,,6,8.5,6,33,27,55,649,> 100%
State,Kansas,All,2023-24,4,,7,8.3,3,39,13,50,599,> 100%
State,Kansas,All,2023-24,5,,6.4,7.9,6,36,11,52,659,> 100%
State,Kansas,All,2023-24,6,,6.4,7.6,1,34,11,41,543,> 100%
State,Kansas,All,2023-24,7,,6.9,8.2,4,37,11,49,595,> 100%
State,Kansas,All,2023-24,8,,5.8,6.6,1,35,8,41,617,> 100%
State,Kansas,All,2023-24,9,,6,7,3,32,8,41,584,> 100%
State,Kansas,All,2023-24,10,,5.6,7,2,29,12,39,555,> 100%
State,Kansas,All,2023-24,11,,7,7.7,2,38,7,44,568,> 100%
State,Kansas,All,2023-24,12,,6.6,7.1,4,30,9,37,518,> 100%
State,Kansas,All,2023-24,13,,5.4,5.6,4,23,3,28,501,> 100%
State,Kansas,All,2023-24,14,,7,7,1,18,2,19,271,80.9%
State,Kentucky,All,2023-24,40,,7.7,9.5,1,72,28,91,953,> 100%
State,Kentucky,All,2023-24,41,,8.1,10.6,1,81,38,107,"1,007",> 100%
State,Kentucky,All,2023-24,42,,6.7,9.1,0,67,32,91,"1,004",> 100%
State,Kentucky,All,2023-24,43,,7.2,9.2,0,74,28,95,"1,031",> 100%
State,Kentucky,All,2023-24,44,,7.3,8.6,1,72,17,86,"1,004",> 100%
State,Kentucky,All,2023-24,45,,6.8,8.6,1,72,32,93,"1,080",> 100%
State,Kentucky,All,2023-24,46,,7,9.3,0,71,41,94,"1,015",> 100%
State,Kentucky,All,2023-24,47,,8.1,10.2,1,79,41,101,992,> 100%
State,Kentucky,All,2023-24,48,,8.8,10.8,1,94,39,117,"1,080",> 100%
State,Kentucky,All,2023-24,49,,9.5,13,3,104,53,147,"1,128",> 100%
State,Kentucky,All,2023-24,50,,7.8,11.6,4,81,56,126,"1,084",> 100%
State,Kentucky,All,2023-24,51,,9.8,12.5,6,106,54,143,"1,141",> 100%
State,Kentucky,All,2023-24,52,,10.7,14.1,8,116,70,164,"1,161",> 100%
State,Kentucky,All,2023-24,1,,11.6,15.5,17,113,73,174,"1,120",> 100%
State,Kentucky,All,2023-24,2,,10.7,13.8,18,114,65,169,"1,229",> 100%
State,Kentucky,All,2023-24,3,,10.1,13.4,11,101,55,149,"1,109",> 100%
State,Kentucky,All,2023-24,4,,10.6,13.5,18,99,40,149,"1,100",> 100%
State,Kentucky,All,2023-24,5,,10.1,12,12,95,37,128,"1,064",> 100%
State,Kentucky,All,2023-24,6,,11.7,14.2,8,112,43,146,"1,030",> 100%
State,Kentucky,All,2023-24,7,,11,13,14,99,34,134,"1,029",> 100%
State,Kentucky,All,2023-24,8,,9.8,11.5,18,85,31,120,"1,048",> 100%
State,Kentucky,All,2023-24,9,,8.1,10.1,15,61,26,94,934,> 100%
State,Kentucky,All,2023-24,10,,8.4,10.7,7,67,29,94,876,> 100%
State,Kentucky,All,2023-24,11,,7.2,9.2,10,52,25,79,860,> 100%
State,Kentucky,All,2023-24,12,,7,8.1,3,47,13,58,715,> 100%
State,Kentucky,All,2023-24,13,,8,10.2,3,36,14,50,488,83.2%
State,Kentucky,All,2023-24,14,,8.3,8.7,0,19,4,20,230,39.2%
State,Louisiana,All,2023-24,40,,4,5.1,0,37,12,47,919,> 100%
State,Louisiana,All,2023-24,41,,3.9,4.8,1,37,12,46,966,> 100%
State,Louisiana,All,2023-24,42,,2.5,3.7,2,20,15,33,885,> 100%
State,Louisiana,All,2023-24,43,,4,4.9,1,37,13,46,943,> 100%
State,Louisiana,All,2023-24,44,,4.5,5.5,3,38,12,51,919,> 100%
State,Louisiana,All,2023-24,45,,4,4.7,4,34,11,45,958,> 100%
State,Louisiana,All,2023-24,46,,4.9,5.8,1,44,9,53,910,> 100%
State,Louisiana,All,2023-24,47,,4,4.6,2,34,9,42,904,> 100%
State,Louisiana,All,2023-24,48,,4.6,5.5,7,39,15,55,994,> 100%
State,Louisiana,All,2023-24,49,,5.5,6.8,6,49,21,68,"1,005",> 100%
State,Louisiana,All,2023-24,50,,5,5.6,5,44,11,55,975,> 100%
State,Louisiana,All,2023-24,51,,4.5,5.6,8,40,19,60,"1,073",> 100%
State,Louisiana,All,2023-24,52,,5.8,7.3,18,42,22,75,"1,028",> 100%
State,Louisiana,All,2023-24,1,,5.3,7.3,10,50,34,82,"1,125",> 100%
State,Louisiana,All,2023-24,2,,6.7,7.8,18,56,22,86,"1,097",> 100%
State,Louisiana,All,2023-24,3,,7,8.3,21,53,25,88,"1,055",> 100%
State,Louisiana,All,2023-24,4,,6.4,8.5,13,52,33,86,"1,009",> 100%
State,Louisiana,All,2023-24,5,,5.7,7.4,5,49,22,71,954,> 100%
State,Louisiana,All,2023-24,6,,5.2,6.7,7,41,22,61,917,> 100%
State,Louisiana,All,2023-24,7,,5.6,6.9,4,47,22,63,910,> 100%
State,Louisiana,All,2023-24,8,,4.2,5.7,4,32,21,49,855,> 100%
State,Louisiana,All,2023-24,9,,3.3,4.9,2,25,18,40,818,> 100%
State,Louisiana,All,2023-24,10,,4.4,5.9,4,30,13,45,766,> 100%
State,Louisiana,All,2023-24,11,,3.1,4.4,0,22,9,31,701,> 100%
State,Louisiana,All,2023-24,12,,3.1,4.2,0,17,9,23,546,97.4%
State,Louisiana,All,2023-24,13,,3.5,4.3,0,13,6,16,372,66.4%
State,Louisiana,All,2023-24,14,,1.5,3.6,0,2,3,5,137,24.4%
State,Maine,All,2023-24,40,,5.5,8.4,0,17,10,26,309,> 100%
State,Maine,All,2023-24,41,,7.3,9.3,0,23,7,29,313,> 100%
State,Maine,All,2023-24,42,,6.7,7.3,0,22,4,24,327,> 100%
State,Maine,All,2023-24,43,,6.3,8.6,0,22,9,30,348,> 100%
State,Maine,All,2023-24,44,,4.8,8,0,17,12,28,351,> 100%
State,Maine,All,2023-24,45,,4.8,8.1,0,16,11,27,333,> 100%
State,Maine,All,2023-24,46,,6.2,8.1,1,19,9,26,321,> 100%
State,Maine,All,2023-24,47,,5.5,8.8,0,18,13,29,330,> 100%
State,Maine,All,2023-24,48,,8.3,10.9,0,26,13,34,313,> 100%
State,Maine,All,2023-24,49,,6.3,8.5,0,22,12,30,352,> 100%
State,Maine,All,2023-24,50,,4.8,9.2,1,14,15,29,314,> 100%
State,Maine,All,2023-24,51,,8.2,11.8,1,30,22,45,380,> 100%
State,Maine,All,2023-24,52,,6.6,11,1,23,18,40,362,> 100%
State,Maine,All,2023-24,1,,8.9,12.6,3,29,15,45,358,> 100%
State,Maine,All,2023-24,2,,5.8,7.8,4,16,13,27,346,> 100%
State,Maine,All,2023-24,3,,8.8,12.3,2,28,21,42,342,> 100%
State,Maine,All,2023-24,4,,8.9,10.8,5,23,8,34,316,> 100%
State,Maine,All,2023-24,5,,7.6,9.5,2,25,9,34,357,> 100%
State,Maine,All,2023-24,6,,8.7,10.7,2,29,9,38,355,> 100%
State,Maine,All,2023-24,7,,5.4,7.8,1,15,7,23,295,> 100%
State,Maine,All,2023-24,8,,9,10.9,8,24,15,39,357,> 100%
State,Maine,All,2023-24,9,,9.2,10.1,9,22,3,34,336,> 100%
State,Maine,All,2023-24,10,,8.3,8.9,3,26,4,31,348,> 100%
State,Maine,All,2023-24,11,,8.9,8.9,0,28,9,28,314,> 100%
State,Maine,All,2023-24,12,,8,8.6,3,21,2,26,301,> 100%
State,Maine,All,2023-24,13,,7.3,8.6,2,20,6,26,303,> 100%
State,Maine,All,2023-24,14,,7.8,9.1,2,16,5,21,232,> 100%
State,Maryland,All,2023-24,40,,6.5,8.1,0,66,24,82,"1,015",> 100%
State,Maryland,All,2023-24,41,,7.6,9.3,1,82,29,102,"1,094",> 100%
State,Maryland,All,2023-24,42,,7.5,9.2,0,80,23,98,"1,070",> 100%
State,Maryland,All,2023-24,43,,5.9,7.2,0,62,24,76,"1,051",> 100%
State,Maryland,All,2023-24,44,,7.1,8.6,0,69,25,84,975,> 100%
State,Maryland,All,2023-24,45,,7.3,9.8,1,75,43,102,"1,038",> 100%
State,Maryland,All,2023-24,46,,6.6,9.1,0,70,35,96,"1,056",> 100%
State,Maryland,All,2023-24,47,,7.6,9.6,1,85,40,109,"1,130",> 100%
State,Maryland,All,2023-24,48,,7.4,10.1,0,80,44,109,"1,080",> 100%
State,Maryland,All,2023-24,49,,9.2,11.5,3,95,35,123,"1,069",> 100%
State,Maryland,All,2023-24,50,,7.5,10,3,86,45,119,"1,188",> 100%
State,Maryland,All,2023-24,51,,6.9,9,2,77,39,103,"1,146",> 100%
State,Maryland,All,2023-24,52,,8.6,10.5,14,82,41,118,"1,120",> 100%
State,Maryland,All,2023-24,1,,9.4,13,13,95,61,149,"1,145",> 100%
State,Maryland,All,2023-24,2,,9.1,12.2,14,96,56,147,"1,203",> 100%
State,Maryland,All,2023-24,3,,9.5,11.7,13,94,45,133,"1,132",> 100%
State,Maryland,All,2023-24,4,,7.3,10.4,13,77,50,128,"1,233",> 100%
State,Maryland,All,2023-24,5,,8.2,11.8,9,79,53,126,"1,068",> 100%
State,Maryland,All,2023-24,6,,7.8,9.9,6,79,31,108,"1,087",> 100%
State,Maryland,All,2023-24,7,,7.6,9.2,5,76,21,98,"1,062",> 100%
State,Maryland,All,2023-24,8,,7.5,9.1,4,76,28,97,"1,068",> 100%
State,Maryland,All,2023-24,9,,7.8,9.8,4,74,31,98,995,> 100%
State,Maryland,All,2023-24,10,,7.8,9.8,6,72,27,98,"1,004",> 100%
State,Maryland,All,2023-24,11,,7.2,8.2,8,66,16,84,"1,023",> 100%
State,Maryland,All,2023-24,12,,5.8,6.9,3,52,15,66,955,> 100%
State,Maryland,All,2023-24,13,,8.4,9.5,5,57,16,70,738,> 100%
State,Maryland,All,2023-24,14,,5.8,7.2,2,29,9,39,539,91.1%
State,Massachusetts,All,2023-24,40,,6.1,8.3,2,71,34,99,"1,189",> 100%
State,Massachusetts,All,2023-24,41,,5.7,7.9,1,66,34,93,"1,175",> 100%
State,Massachusetts,All,2023-24,42,,6.2,8.1,1,74,39,98,"1,208",> 100%
State,Massachusetts,All,2023-24,43,,6.4,8.5,1,71,33,96,"1,130",> 100%
State,Massachusetts,All,2023-24,44,,5,7.1,0,57,34,82,"1,149",> 100%
State,Massachusetts,All,2023-24,45,,5.2,7.6,0,65,38,95,"1,255",> 100%
State,Massachusetts,All,2023-24,46,,5.7,7.6,0,65,26,86,"1,134",> 100%
State,Massachusetts,All,2023-24,47,,5.6,7.3,3,64,29,87,"1,196",> 100%
State,Massachusetts,All,2023-24,48,,6.8,8.4,2,87,32,110,"1,303",> 100%
State,Massachusetts,All,2023-24,49,,6.9,9.5,7,79,46,119,"1,255",> 100%
State,Massachusetts,All,2023-24,50,,8,10.2,5,94,41,126,"1,241",> 100%
State,Massachusetts,All,2023-24,51,,6.5,8.6,3,81,40,111,"1,285",> 100%
State,Massachusetts,All,2023-24,52,,8.6,12.1,8,105,71,158,"1,308",> 100%
State,Massachusetts,All,2023-24,1,,9.1,11.9,18,98,46,151,"1,274",> 100%
State,Massachusetts,All,2023-24,2,,8.9,12.1,15,103,62,160,"1,327",> 100%
State,Massachusetts,All,2023-24,3,,8,11,12,88,57,138,"1,252",> 100%
State,Massachusetts,All,2023-24,4,,8.6,10.5,14,98,39,137,"1,309",> 100%
State,Massachusetts,All,2023-24,5,,8.2,10.7,10,98,49,141,"1,313",> 100%
State,Massachusetts,All,2023-24,6,,7.5,9.7,11,86,41,125,"1,285",> 100%
State,Massachusetts,All,2023-24,7,,7.8,9.3,17,78,29,113,"1,214",> 100%
State,Massachusetts,All,2023-24,8,,8.5,9.2,19,78,14,105,"1,147",> 100%
State,Massachusetts,All,2023-24,9,,7.4,8.3,10,77,17,98,"1,178",> 100%
State,Massachusetts,All,2023-24,10,,6.9,8.5,21,59,24,99,"1,166",> 100%
State,Massachusetts,All,2023-24,11,,6.8,7.4,10,73,14,90,"1,212",> 100%
State,Massachusetts,All,2023-24,12,,5.7,6.9,3,58,18,74,"1,074",> 100%
State,Massachusetts,All,2023-24,13,,6.3,6.7,9,52,5,65,975,> 100%
State,Massachusetts,All,2023-24,14,,6.7,7.3,3,39,5,46,628,96.5%
State,Michigan,All,2023-24,40,,4.2,5.3,1,81,36,103,"1,941",> 100%
State,Michigan,All,2023-24,41,,5.1,6.3,0,102,40,125,"1,989",> 100%
State,Michigan,All,2023-24,42,,5.5,7,0,109,48,137,"1,967",> 100%
State,Michigan,All,2023-24,43,,5,6.1,1,96,38,118,"1,944",> 100%
State,Michigan,All,2023-24,44,,5.3,6.5,1,104,34,128,"1,964",> 100%
State,Michigan,All,2023-24,45,,6,7.9,1,121,54,159,"2,017",> 100%
State,Michigan,All,2023-24,46,,4.8,6.3,0,94,48,123,"1,964",> 100%
State,Michigan,All,2023-24,47,,5.5,7.5,6,100,58,143,"1,913",> 100%
State,Michigan,All,2023-24,48,,6,8.1,1,124,69,169,"2,095",> 100%
State,Michigan,All,2023-24,49,,7,9.6,1,144,84,201,"2,085",> 100%
State,Michigan,All,2023-24,50,,5.9,8.6,5,116,88,174,"2,034",> 100%
State,Michigan,All,2023-24,51,,7.3,9.6,5,151,84,205,"2,132",> 100%
State,Michigan,All,2023-24,52,,7.7,10.1,13,157,104,225,"2,220",> 100%
State,Michigan,All,2023-24,1,,7.5,10.7,13,150,98,232,"2,174",> 100%
State,Michigan,All,2023-24,2,,7.9,10.4,19,160,101,235,"2,260",> 100%
State,Michigan,All,2023-24,3,,7.7,10.1,13,156,93,223,"2,207",> 100%
State,Michigan,All,2023-24,4,,7.9,9.8,17,157,79,216,"2,199",> 100%
State,Michigan,All,2023-24,5,,6.8,8.2,15,127,54,172,"2,091",> 100%
State,Michigan,All,2023-24,6,,5.5,6.8,6,107,35,139,"2,053",> 100%
State,Michigan,All,2023-24,7,,6.7,7.6,24,110,38,152,"2,000",> 100%
State,Michigan,All,2023-24,8,,6.2,7.4,23,109,38,158,"2,131",> 100%
State,Michigan,All,2023-24,9,,7.1,8.5,16,124,44,168,"1,972",> 100%
State,Michigan,All,2023-24,10,,7.3,8.4,31,115,37,167,"1,991",> 100%
State,Michigan,All,2023-24,11,,6.5,7.7,24,110,33,159,"2,063",> 100%
State,Michigan,All,2023-24,12,,6.2,7.1,18,100,28,136,"1,913",> 100%
State,Michigan,All,2023-24,13,,5.5,5.7,9,79,9,92,"1,603",> 100%
State,Michigan,All,2023-24,14,,5.8,6.4,11,62,15,81,"1,269",94.4%
State,Minnesota,All,2023-24,40,,4.5,6.5,0,41,29,59,909,> 100%
State,Minnesota,All,2023-24,41,,7.3,9.3,1,65,27,85,910,> 100%
State,Minnesota,All,2023-24,42,,5.3,7.8,0,54,35,79,"1,017",> 100%
State,Minnesota,All,2023-24,43,,5.3,7.2,0,52,26,70,978,> 100%
State,Minnesota,All,2023-24,44,,3.9,6.7,0,39,36,67,994,> 100%
State,Minnesota,All,2023-24,45,,6.1,8.5,0,59,31,82,967,> 100%
State,Minnesota,All,2023-24,46,,6.2,8.5,0,60,31,83,975,> 100%
State,Minnesota,All,2023-24,47,,6.5,9.7,1,64,39,97,"1,004",> 100%
State,Minnesota,All,2023-24,48,,7.4,10.8,2,79,49,118,"1,092",> 100%
State,Minnesota,All,2023-24,49,,6.4,9.5,4,64,45,100,"1,057",> 100%
State,Minnesota,All,2023-24,50,,7.9,11.3,3,79,49,117,"1,039",> 100%
State,Minnesota,All,2023-24,51,,5.8,9.6,6,53,47,97,"1,013",> 100%
State,Minnesota,All,2023-24,52,,7.5,11,12,60,51,105,957,> 100%
State,Minnesota,All,2023-24,1,,8,11.4,12,72,55,119,"1,046",> 100%
State,Minnesota,All,2023-24,2,,7.3,11.4,9,66,57,117,"1,029",> 100%
State,Minnesota,All,2023-24,3,,6.3,9.2,7,57,37,93,"1,012",> 100%
State,Minnesota,All,2023-24,4,,7.1,9.5,9,64,35,98,"1,032",> 100%
State,Minnesota,All,2023-24,5,,6.7,9,10,55,32,87,969,> 100%
State,Minnesota,All,2023-24,6,,6,8.9,13,44,32,84,944,> 100%
State,Minnesota,All,2023-24,7,,6.5,8.1,12,49,21,76,940,> 100%
State,Minnesota,All,2023-24,8,,6.8,8.8,13,52,28,85,961,> 100%
State,Minnesota,All,2023-24,9,,7.2,8.5,12,59,21,84,993,> 100%
State,Minnesota,All,2023-24,10,,7.1,8.3,7,58,15,76,913,> 100%
State,Minnesota,All,2023-24,11,,7.1,8.3,7,57,15,75,906,> 100%
State,Minnesota,All,2023-24,12,,5.5,6.7,6,43,14,59,886,> 100%
State,Minnesota,All,2023-24,13,,5.4,7.1,3,35,15,50,702,> 100%
State,Minnesota,All,2023-24,14,,5.1,5.9,1,29,10,35,591,> 100%
State,Mississippi,All,2023-24,40,,7.6,9.9,1,54,30,72,725,> 100%
State,Mississippi,All,2023-24,41,,7.4,9.5,0,47,18,60,634,> 100%
State,Mississippi,All,2023-24,42,,4.9,6.5,2,31,16,44,674,> 100%
State,Mississippi,All,2023-24,43,,9.1,9.9,0,56,12,61,616,> 100%
State,Mississippi,All,2023-24,44,,6.9,9.4,0,48,22,66,699,> 100%
State,Mississippi,All,2023-24,45,,5.4,7.1,0,37,15,49,686,> 100%
State,Mississippi,All,2023-24,46,,6.5,7.7,1,43,14,52,676,> 100%
State,Mississippi,All,2023-24,47,,7.6,8.7,3,49,12,59,680,> 100%
State,Mississippi,All,2023-24,48,,5.2,6.6,2,34,14,46,692,> 100%
State,Mississippi,All,2023-24,49,,8.3,10.7,2,58,30,77,723,> 100%
State,Mississippi,All,2023-24,50,,8.7,9.5,5,55,12,65,687,> 100%
State,Mississippi,All,2023-24,51,,7.4,9.6,2,54,26,72,752,> 100%
State,Mississippi,All,2023-24,52,,10.8,12.8,13,70,27,98,767,> 100%
State,Mississippi,All,2023-24,1,,9.5,12,13,66,34,100,830,> 100%
State,Mississippi,All,2023-24,2,,11.7,13.6,15,76,27,106,778,> 100%
State,Mississippi,All,2023-24,3,,10.1,11.8,18,68,31,100,850,> 100%
State,Mississippi,All,2023-24,4,,10.5,12.6,10,69,37,95,753,> 100%
State,Mississippi,All,2023-24,5,,9.9,12.3,11,63,32,92,747,> 100%
State,Mississippi,All,2023-24,6,,8.7,9.8,9,55,14,72,734,> 100%
State,Mississippi,All,2023-24,7,,7.9,9.2,6,46,18,61,662,> 100%
State,Mississippi,All,2023-24,8,,8.2,9.7,3,51,18,64,658,> 100%
State,Mississippi,All,2023-24,9,,8.1,10.3,0,55,26,70,677,> 100%
State,Mississippi,All,2023-24,10,,6.6,9.5,2,40,28,61,639,> 100%
State,Mississippi,All,2023-24,11,,6.4,8.7,1,39,23,54,621,> 100%
State,Mississippi,All,2023-24,12,,7.2,8.6,3,32,11,42,486,> 100%
State,Mississippi,All,2023-24,13,,6.3,6.7,0,31,7,33,492,> 100%
State,Mississippi,All,2023-24,14,,7.5,9.7,0,17,9,22,227,55.2%
State,Missouri,All,2023-24,40,,5,6,2,59,28,74,"1,226",> 100%
State,Missouri,All,2023-24,41,,4.4,5.6,1,56,26,72,"1,292",> 100%
State,Missouri,All,2023-24,42,,5,6.4,2,61,35,81,"1,264",> 100%
State,Missouri,All,2023-24,43,,5.5,6.9,1,71,31,90,"1,304",> 100%
State,Missouri,All,2023-24,44,,6,7.4,2,76,28,97,"1,310",> 100%
State,Missouri,All,2023-24,45,,5.1,7.1,2,63,36,91,"1,287",> 100%
State,Missouri,All,2023-24,46,,4.9,6.6,0,62,39,84,"1,264",> 100%
State,Missouri,All,2023-24,47,,6,7.5,1,76,27,95,"1,275",> 100%
State,Missouri,All,2023-24,48,,6.1,8.5,1,77,52,109,"1,288",> 100%
State,Missouri,All,2023-24,49,,7.1,9.4,3,99,53,135,"1,436",> 100%
State,Missouri,All,2023-24,50,,6.8,9.1,6,80,48,116,"1,269",> 100%
State,Missouri,All,2023-24,51,,4.2,7.1,1,55,49,96,"1,344",> 100%
State,Missouri,All,2023-24,52,,7.4,10.2,10,95,63,145,"1,418",> 100%
State,Missouri,All,2023-24,1,,7.9,10.1,8,107,57,146,"1,448",> 100%
State,Missouri,All,2023-24,2,,8.1,9.8,14,101,41,140,"1,423",> 100%
State,Missouri,All,2023-24,3,,7.5,10.1,7,102,50,146,"1,449",> 100%
State,Missouri,All,2023-24,4,,5.8,7.9,6,77,34,113,"1,430",> 100%
State,Missouri,All,2023-24,5,,6.2,7.1,11,69,20,92,"1,294",> 100%
State,Missouri,All,2023-24,6,,8.7,9.6,9,104,26,125,"1,298",> 100%
State,Missouri,All,2023-24,7,,6.5,7.5,7,71,22,91,"1,207",> 100%
State,Missouri,All,2023-24,8,,6.8,7.6,7,75,20,92,"1,207",> 100%
State,Missouri,All,2023-24,9,,8.1,9.1,13,77,23,102,"1,115",> 100%
State,Missouri,All,2023-24,10,,6,6.4,8,61,10,74,"1,148",> 100%
State,Missouri,All,2023-24,11,,5.9,6.6,12,53,11,72,"1,093",> 100%
State,Missouri,All,2023-24,12,,5.9,6.5,5,51,12,62,954,> 100%
State,Missouri,All,2023-24,13,,6,6.6,5,50,8,60,915,> 100%
State,Missouri,All,2023-24,14,,5.7,6.3,2,28,4,33,526,68%
State,Montana,All,2023-24,40,,5.9,8,1,13,6,19,238,> 100%
State,Montana,All,2023-24,41,,5.4,7.4,0,13,11,18,242,> 100%
State,Montana,All,2023-24,42,,6.3,6.3,0,13,2,13,205,> 100%
State,Montana,All,2023-24,43,,3.4,6.8,0,7,9,14,206,> 100%
State,Montana,All,2023-24,44,,5.1,7.2,0,12,7,17,236,> 100%
State,Montana,All,2023-24,45,,6.1,7.7,0,15,7,19,247,> 100%
State,Montana,All,2023-24,46,,5.5,8.2,0,12,9,18,220,> 100%
State,Montana,All,2023-24,47,,7,9.3,0,15,7,20,214,> 100%
State,Montana,All,2023-24,48,,5.3,7.2,0,11,7,15,209,> 100%
State,Montana,All,2023-24,49,,5.7,7.7,3,9,5,16,209,> 100%
State,Montana,All,2023-24,50,,5.5,8.1,5,8,8,19,236,> 100%
State,Montana,All,2023-24,51,,5.8,7.2,4,8,5,15,208,> 100%
State,Montana,All,2023-24,52,,11.3,14.3,6,20,12,33,231,> 100%
State,Montana,All,2023-24,1,,11.5,13.5,9,20,6,34,252,> 100%
State,Montana,All,2023-24,2,,11.6,12.4,11,18,5,31,251,> 100%
State,Montana,All,2023-24,3,,10.5,13,8,21,12,36,276,> 100%
State,Montana,All,2023-24,4,,6.2,7.4,7,8,4,18,243,> 100%
State,Montana,All,2023-24,5,,7.7,10.1,5,14,7,25,248,> 100%
State,Montana,All,2023-24,6,,4.3,5.2,2,8,2,12,231,> 100%
State,Montana,All,2023-24,7,,5.3,5.8,2,10,1,13,226,> 100%
State,Montana,All,2023-24,8,,8.7,8.7,2,18,2,20,229,> 100%
State,Montana,All,2023-24,9,,3.9,4.3,2,7,1,10,230,> 100%
State,Montana,All,2023-24,10,,3.8,4.9,3,4,4,9,184,> 100%
State,Montana,All,2023-24,11,,7.9,10.7,3,14,6,23,214,> 100%
State,Montana,All,2023-24,12,,4.2,4.8,2,5,2,8,165,> 100%
State,Montana,All,2023-24,13,,5.5,5.5,0,7,0,7,127,96.1%
State,Montana,All,2023-24,14,,3.1,6.3,0,1,1,2,32,24.2%
State,Nebraska,All,2023-24,40,,4.1,5.4,0,13,5,17,315,> 100%
State,Nebraska,All,2023-24,41,,5.5,6.7,0,19,5,23,344,> 100%
State,Nebraska,All,2023-24,42,,6,7.5,0,20,11,25,335,> 100%
State,Nebraska,All,2023-24,43,,6.7,7.2,0,24,6,26,360,> 100%
State,Nebraska,All,2023-24,44,,4.5,5.4,0,16,7,19,354,> 100%
State,Nebraska,All,2023-24,45,,7.2,8.9,0,26,8,32,359,> 100%
State,Nebraska,All,2023-24,46,,6.2,7.6,0,22,8,27,353,> 100%
State,Nebraska,All,2023-24,47,,7.5,9.7,2,25,11,35,360,> 100%
State,Nebraska,All,2023-24,48,,5.2,8.2,0,19,14,30,366,> 100%
State,Nebraska,All,2023-24,49,,8.6,11.1,1,33,20,44,396,> 100%
State,Nebraska,All,2023-24,50,,4.6,6.8,1,14,9,22,324,> 100%
State,Nebraska,All,2023-24,51,,7.5,11.2,1,27,21,42,375,> 100%
State,Nebraska,All,2023-24,52,,6.3,9.4,2,22,15,36,384,> 100%
State,Nebraska,All,2023-24,1,,7.5,9.7,5,26,15,40,412,> 100%
State,Nebraska,All,2023-24,2,,7.3,9.7,3,28,17,41,423,> 100%
State,Nebraska,All,2023-24,3,,6.1,8.9,3,21,12,35,392,> 100%
State,Nebraska,All,2023-24,4,,8.5,11.1,1,31,13,42,378,> 100%
State,Nebraska,All,2023-24,5,,6.9,9.5,2,24,14,36,377,> 100%
State,Nebraska,All,2023-24,6,,6,7.8,4,16,9,26,333,> 100%
State,Nebraska,All,2023-24,7,,4.7,5.3,3,12,6,17,320,> 100%
State,Nebraska,All,2023-24,8,,4.9,6.8,3,15,9,25,369,> 100%
State,Nebraska,All,2023-24,9,,8.3,10.8,9,18,9,35,325,> 100%
State,Nebraska,All,2023-24,10,,6.8,8.7,4,21,10,32,368,> 100%
State,Nebraska,All,2023-24,11,,6.1,7.5,6,16,5,27,359,> 100%
State,Nebraska,All,2023-24,12,,9.1,10.1,6,19,6,28,276,> 100%
State,Nebraska,All,2023-24,13,,8,8.5,2,14,1,17,200,91.2%
State,Nebraska,All,2023-24,14,,3.8,3.8,0,2,0,2,52,23.7%
State,Nevada,All,2023-24,40,,5.8,7.4,0,28,13,36,485,> 100%
State,Nevada,All,2023-24,41,,5,6,0,26,12,31,519,> 100%
State,Nevada,All,2023-24,42,,6.3,7.7,0,31,16,38,491,> 100%
State,Nevada,All,2023-24,43,,5.4,6.1,0,28,11,32,523,> 100%
State,Nevada,All,2023-24,44,,5.9,6.5,0,31,14,34,522,> 100%
State,Nevada,All,2023-24,45,,5.1,5.7,1,28,7,32,564,> 100%
State,Nevada,All,2023-24,46,,7.5,8.8,3,42,14,53,601,> 100%
State,Nevada,All,2023-24,47,,8.4,9.4,3,46,13,55,583,> 100%
State,Nevada,All,2023-24,48,,7.7,9.5,3,39,17,52,547,> 100%
State,Nevada,All,2023-24,49,,6.6,7.7,1,36,13,43,559,> 100%
State,Nevada,All,2023-24,50,,6.9,7.8,3,35,8,43,548,> 100%
State,Nevada,All,2023-24,51,,9.7,10.9,8,50,16,65,595,> 100%
State,Nevada,All,2023-24,52,,8,9.5,6,42,18,57,602,> 100%
State,Nevada,All,2023-24,1,,10.4,10.6,8,51,11,60,568,> 100%
State,Nevada,All,2023-24,2,,10.1,10.7,8,56,17,68,635,> 100%
State,Nevada,All,2023-24,3,,9.9,11.6,11,51,17,73,628,> 100%
State,Nevada,All,2023-24,4,,11.3,12.5,8,57,18,72,577,> 100%
State,Nevada,All,2023-24,5,,8.5,10.6,8,42,21,62,586,> 100%
State,Nevada,All,2023-24,6,,7.8,8.3,1,44,7,48,575,> 100%
State,Nevada,All,2023-24,7,,7.3,7.7,3,38,4,43,560,> 100%
State,Nevada,All,2023-24,8,,5.9,7.1,1,32,15,40,562,> 100%
State,Nevada,All,2023-24,9,,8.6,8.7,1,47,4,49,561,> 100%
State,Nevada,All,2023-24,10,,6.2,6.3,2,33,5,36,569,> 100%
State,Nevada,All,2023-24,11,,5.3,5.7,0,26,4,28,495,> 100%
State,Nevada,All,2023-24,12,,6.7,6.7,1,31,2,32,481,> 100%
State,Nevada,All,2023-24,13,,8.4,8.9,2,30,3,34,382,> 100%
State,Nevada,All,2023-24,14,,5.2,5.2,0,11,2,11,210,66.9%
State,New Hampshire,All,2023-24,40,,2.7,5.8,0,8,10,17,292,> 100%
State,New Hampshire,All,2023-24,41,,3.6,4.7,0,10,5,13,279,> 100%
State,New Hampshire,All,2023-24,42,,4.8,6.9,2,12,9,20,291,> 100%
State,New Hampshire,All,2023-24,43,,2.9,5.1,0,8,6,14,276,> 100%
State,New Hampshire,All,2023-24,44,,3.5,5.1,0,9,6,13,254,> 100%
State,New Hampshire,All,2023-24,45,,3,5.7,0,8,8,15,264,> 100%
State,New Hampshire,All,2023-24,46,,5,6.4,0,14,5,18,281,> 100%
State,New Hampshire,All,2023-24,47,,4.6,6,0,13,6,17,282,> 100%
State,New Hampshire,All,2023-24,48,,6,7.7,1,16,7,22,284,> 100%
State,New Hampshire,All,2023-24,49,,6.1,7.5,0,18,8,22,293,> 100%
State,New Hampshire,All,2023-24,50,,4.2,7.3,2,9,11,19,259,> 100%
State,New Hampshire,All,2023-24,51,,5.6,7.6,0,16,8,22,288,> 100%
State,New Hampshire,All,2023-24,52,,7,10.5,4,16,11,30,286,> 100%
State,New Hampshire,All,2023-24,1,,8.3,12.5,6,20,15,39,312,> 100%
State,New Hampshire,All,2023-24,2,,5.4,8.9,5,12,13,28,314,> 100%
State,New Hampshire,All,2023-24,3,,9,11.6,4,24,10,36,311,> 100%
State,New Hampshire,All,2023-24,4,,8.4,11,3,23,14,34,310,> 100%
State,New Hampshire,All,2023-24,5,,5.8,7.9,0,17,10,23,292,> 100%
State,New Hampshire,All,2023-24,6,,9.7,10,6,20,2,27,269,> 100%
State,New Hampshire,All,2023-24,7,,4.5,6.4,1,11,7,17,265,> 100%
State,New Hampshire,All,2023-24,8,,4.6,5.3,3,10,2,15,284,> 100%
State,New Hampshire,All,2023-24,9,,4.8,6.4,3,9,5,16,250,> 100%
State,New Hampshire,All,2023-24,10,,7.2,9,4,16,8,25,279,> 100%
State,New Hampshire,All,2023-24,11,,4.7,5.5,2,10,3,14,256,> 100%
State,New Hampshire,All,2023-24,12,,7.2,8.2,1,19,6,23,279,> 100%
State,New Hampshire,All,2023-24,13,,4.5,4.5,1,9,0,10,222,> 100%
State,New Hampshire,All,2023-24,14,,3.4,4.3,0,7,3,9,208,> 100%
State,New Jersey,All,2023-24,40,,4.2,5.7,2,60,32,85,"1,486",> 100%
State,New Jersey,All,2023-24,41,,5.9,7,0,87,28,103,"1,470",> 100%
State,New Jersey,All,2023-24,42,,5.7,7.9,2,80,43,115,"1,451",> 100%
State,New Jersey,All,2023-24,43,,6.2,7.7,0,90,32,113,"1,462",> 100%
State,New Jersey,All,2023-24,44,,4.9,6.2,0,70,31,89,"1,434",> 100%
State,New Jersey,All,2023-24,45,,6,7.1,1,84,32,100,"1,409",> 100%
State,New Jersey,All,2023-24,46,,5.6,7.1,1,81,34,103,"1,454",> 100%
State,New Jersey,All,2023-24,47,,6,7.3,0,86,30,104,"1,422",> 100%
State,New Jersey,All,2023-24,48,,6.5,8.1,0,106,41,132,"1,626",> 100%
State,New Jersey,All,2023-24,49,,6.5,7.8,2,97,35,118,"1,520",> 100%
State,New Jersey,All,2023-24,50,,5.8,7.4,5,82,39,112,"1,510",> 100%
State,New Jersey,All,2023-24,51,,6.7,9.1,4,101,58,143,"1,569",> 100%
State,New Jersey,All,2023-24,52,,7.3,10.4,19,110,79,182,"1,757",> 100%
State,New Jersey,All,2023-24,1,,8.1,10.7,18,115,64,176,"1,651",> 100%
State,New Jersey,All,2023-24,2,,7.8,11.6,22,117,98,207,"1,784",> 100%
State,New Jersey,All,2023-24,3,,8.4,11.4,14,120,72,182,"1,601",> 100%
State,New Jersey,All,2023-24,4,,8.1,10.7,15,120,73,178,"1,669",> 100%
State,New Jersey,All,2023-24,5,,7.5,9,11,105,48,140,"1,548",> 100%
State,New Jersey,All,2023-24,6,,7.1,9.6,14,93,59,144,"1,502",> 100%
State,New Jersey,All,2023-24,7,,5,7,7,71,42,108,"1,550",> 100%
State,New Jersey,All,2023-24,8,,6.5,8.1,10,87,35,121,"1,496",> 100%
State,New Jersey,All,2023-24,9,,7.2,8.8,11,99,30,134,"1,523",> 100%
State,New Jersey,All,2023-24,10,,7.7,9.1,10,99,31,130,"1,423",> 100%
State,New Jersey,All,2023-24,11,,5,6.3,2,72,27,92,"1,468",> 100%
State,New Jersey,All,2023-24,12,,6.3,7.2,3,81,17,95,"1,328",> 100%
State,New Jersey,All,2023-24,13,,4.6,5.1,5,51,10,61,"1,205",> 100%
State,New Jersey,All,2023-24,14,,5.8,6.3,3,42,7,49,773,77.3%
State,New Mexico,All,2023-24,40,,8,10.7,0,33,14,44,411,> 100%
State,New Mexico,All,2023-24,41,,6.6,7.2,0,29,11,32,442,> 100%
State,New Mexico,All,2023-24,42,,7,9.2,0,29,14,38,413,> 100%
State,New Mexico,All,2023-24,43,,8.3,10.3,0,34,13,42,408,> 100%
State,New Mexico,All,2023-24,44,,5.1,6.2,0,22,10,27,435,> 100%
State,New Mexico,All,2023-24,45,,4,5.6,0,18,8,25,450,> 100%
State,New Mexico,All,2023-24,46,,6.3,7.9,0,27,16,34,432,> 100%
State,New Mexico,All,2023-24,47,,7,9.9,0,29,17,41,415,> 100%
State,New Mexico,All,2023-24,48,,7,10.9,0,32,27,50,460,> 100%
State,New Mexico,All,2023-24,49,,6.9,8.4,0,32,17,39,466,> 100%
State,New Mexico,All,2023-24,50,,10.7,12.4,5,45,18,58,468,> 100%
State,New Mexico,All,2023-24,51,,7.9,9.6,8,29,17,45,469,> 100%
State,New Mexico,All,2023-24,52,,10.7,13,11,35,16,56,431,> 100%
State,New Mexico,All,2023-24,1,,9.5,10.9,8,38,11,53,486,> 100%
State,New Mexico,All,2023-24,2,,8.4,10,9,32,16,49,491,> 100%
State,New Mexico,All,2023-24,3,,7.6,8.5,5,29,13,38,448,> 100%
State,New Mexico,All,2023-24,4,,10.9,11.6,6,45,9,54,466,> 100%
State,New Mexico,All,2023-24,5,,7,7.8,3,25,9,31,398,> 100%
State,New Mexico,All,2023-24,6,,6.1,7.3,1,24,7,30,413,> 100%
State,New Mexico,All,2023-24,7,,6.7,8.5,2,25,12,34,402,> 100%
State,New Mexico,All,2023-24,8,,7.3,9,2,27,14,36,400,> 100%
State,New Mexico,All,2023-24,9,,8.7,9.2,1,36,6,39,424,> 100%
State,New Mexico,All,2023-24,10,,5.5,5.7,2,21,1,24,418,> 100%
State,New Mexico,All,2023-24,11,,7.3,8.2,1,25,7,29,355,> 100%
State,New Mexico,All,2023-24,12,,5.9,5.9,1,20,4,21,353,> 100%
State,New Mexico,All,2023-24,13,,10.6,11.4,3,23,4,28,246,> 100%
State,New Mexico,All,2023-24,14,,6.3,6.3,1,9,1,10,159,68.1%
State,New York,All,2023-24,40,,8,10.7,1,166,82,223,"2,076",> 100%
State,New York,All,2023-24,41,,8.2,10.3,0,175,76,222,"2,147",> 100%
State,New York,All,2023-24,42,,7.4,9.7,2,151,68,201,"2,073",> 100%
State,New York,All,2023-24,43,,8,9.8,1,171,59,210,"2,147",> 100%
State,New York,All,2023-24,44,,7.1,9.1,0,138,57,177,"1,949",> 100%
State,New York,All,2023-24,45,,7.2,9,0,151,54,188,"2,087",> 100%
State,New York,All,2023-24,46,,6.8,9,2,143,65,191,"2,121",> 100%
State,New York,All,2023-24,47,,7.6,9.3,5,152,62,193,"2,067",> 100%
State,New York,All,2023-24,48,,8.7,10.8,12,174,66,230,"2,133",> 100%
State,New York,All,2023-24,49,,8.8,11,5,182,71,233,"2,120",> 100%
State,New York,All,2023-24,50,,9.2,11.4,12,197,81,258,"2,266",> 100%
State,New York,All,2023-24,51,,8.1,10.3,12,170,74,230,"2,238",> 100%
State,New York,All,2023-24,52,,10.3,13.3,21,215,105,305,"2,290",> 100%
State,New York,All,2023-24,1,,11.3,14.4,29,238,117,342,"2,372",> 100%
State,New York,All,2023-24,2,,10.7,13.8,31,227,117,331,"2,402",> 100%
State,New York,All,2023-24,3,,10.8,13.6,16,239,105,321,"2,363",> 100%
State,New York,All,2023-24,4,,9.3,11.5,20,192,80,262,"2,279",> 100%
State,New York,All,2023-24,5,,9.2,11.4,20,184,80,251,"2,210",> 100%
State,New York,All,2023-24,6,,8.7,10.2,16,171,47,219,"2,146",> 100%
State,New York,All,2023-24,7,,9.4,11,13,189,60,238,"2,158",> 100%
State,New York,All,2023-24,8,,8.9,10.7,17,170,53,225,"2,104",> 100%
State,New York,All,2023-24,9,,10.2,11.4,19,195,43,238,"2,092",> 100%
State,New York,All,2023-24,10,,9.1,10.2,16,167,44,206,"2,020",> 100%
State,New York,All,2023-24,11,,9.1,10,13,167,32,199,"1,987",> 100%
State,New York,All,2023-24,12,,8.4,9.1,12,147,21,172,"1,900",> 100%
State,New York,All,2023-24,13,,7.5,8.3,15,118,22,147,"1,771",> 100%
State,New York,All,2023-24,14,,7.2,7.7,14,99,13,121,"1,567",> 100%
State,North Carolina,All,2023-24,40,,6.9,8.8,1,138,59,176,"2,001",> 100%
State,North Carolina,All,2023-24,41,,6.2,7.8,1,126,60,159,"2,037",> 100%
State,North Carolina,All,2023-24,42,,5.7,7.5,3,114,57,153,"2,049",> 100%
State,North Carolina,All,2023-24,43,,6.2,7.8,1,127,52,160,"2,051",> 100%
State,North Carolina,All,2023-24,44,,5.5,6.6,2,112,39,137,"2,087",> 100%
State,North Carolina,All,2023-24,45,,6.8,8.6,2,142,56,181,"2,104",> 100%
State,North Carolina,All,2023-24,46,,6,7.8,2,124,64,164,"2,109",> 100%
State,North Carolina,All,2023-24,47,,7.2,8.2,3,143,39,166,"2,015",> 100%
State,North Carolina,All,2023-24,48,,7.1,8.8,6,151,61,195,"2,208",> 100%
State,North Carolina,All,2023-24,49,,7.6,8.9,12,153,47,195,"2,183",> 100%
State,North Carolina,All,2023-24,50,,8.3,9.6,19,168,62,217,"2,265",> 100%
State,North Carolina,All,2023-24,51,,8.2,9.8,25,167,58,229,"2,338",> 100%
State,North Carolina,All,2023-24,52,,9.4,11.3,51,178,74,276,"2,443",> 100%
State,North Carolina,All,2023-24,1,,11.5,13.8,76,198,87,327,"2,374",> 100%
State,North Carolina,All,2023-24,2,,10.3,12.8,52,196,109,309,"2,407",> 100%
State,North Carolina,All,2023-24,3,,10.2,11.9,39,191,76,268,"2,247",> 100%
State,North Carolina,All,2023-24,4,,9,11.5,21,186,92,264,"2,288",> 100%
State,North Carolina,All,2023-24,5,,6.6,7.8,20,121,54,167,"2,132",> 100%
State,North Carolina,All,2023-24,6,,8.6,10.6,23,164,76,229,"2,165",> 100%
State,North Carolina,All,2023-24,7,,7.9,9.3,12,149,53,190,"2,045",> 100%
State,North Carolina,All,2023-24,8,,8.1,9.9,11,161,68,209,"2,111",> 100%
State,North Carolina,All,2023-24,9,,8.3,10.1,17,156,63,211,"2,092",> 100%
State,North Carolina,All,2023-24,10,,7.5,9.5,4,147,67,192,"2,015",> 100%
State,North Carolina,All,2023-24,11,,7.9,9.3,11,141,49,179,"1,932",> 100%
State,North Carolina,All,2023-24,12,,8.4,9.6,6,128,38,154,"1,601",> 100%
State,North Carolina,All,2023-24,13,,7.8,8.9,1,54,17,63,705,61.6%
State,North Carolina,All,2023-24,14,,,,Insufficient Data,Insufficient Data,Insufficient Data,Insufficient Data,Insufficient Data,< 20%
State,North Dakota,All,2023-24,40,,6.8,8.3,0,9,4,11,133,> 100%
State,North Dakota,All,2023-24,41,,7.4,9.3,0,8,2,10,108,> 100%
State,North Dakota,All,2023-24,42,,4.1,5.5,0,6,5,8,146,> 100%
State,North Dakota,All,2023-24,43,,7.4,9.9,0,9,5,12,121,> 100%
State,North Dakota,All,2023-24,44,,6.5,7.9,0,9,3,11,139,> 100%
State,North Dakota,All,2023-24,45,,5.7,6.6,1,6,1,8,122,> 100%
State,North Dakota,All,2023-24,46,,7.7,9.9,0,11,5,14,142,> 100%
State,North Dakota,All,2023-24,47,,7.2,9.6,1,8,5,12,125,> 100%
State,North Dakota,All,2023-24,48,,9.7,10.4,0,15,5,16,154,> 100%
State,North Dakota,All,2023-24,49,,6.5,7.9,1,8,5,11,139,> 100%
State,North Dakota,All,2023-24,50,,8.1,9.5,2,10,5,14,148,> 100%
State,North Dakota,All,2023-24,51,,5.3,6.1,2,4,2,7,114,> 100%
State,North Dakota,All,2023-24,52,,5.1,7.7,3,5,5,12,156,> 100%
State,North Dakota,All,2023-24,1,,9.9,10.6,2,12,3,15,141,> 100%
State,North Dakota,All,2023-24,2,,7.7,10.3,6,6,5,16,156,> 100%
State,North Dakota,All,2023-24,3,,6.5,7.2,3,7,4,11,153,> 100%
State,North Dakota,All,2023-24,4,,7.5,8.2,3,8,4,12,147,> 100%
State,North Dakota,All,2023-24,5,,5.8,6.7,0,7,2,8,120,> 100%
State,North Dakota,All,2023-24,6,,6.9,8.3,2,8,4,12,144,> 100%
State,North Dakota,All,2023-24,7,,4.1,5.7,1,4,2,7,123,> 100%
State,North Dakota,All,2023-24,8,,4.2,4.2,0,6,1,6,143,> 100%
State,North Dakota,All,2023-24,9,,4.1,6.2,0,6,5,9,145,> 100%
State,North Dakota,All,2023-24,10,,4,4.8,2,3,2,6,124,> 100%
State,North Dakota,All,2023-24,11,,9.7,10.8,1,8,2,10,93,98.4%
State,North Dakota,All,2023-24,12,,6,6,1,5,1,6,100,> 100%
State,North Dakota,All,2023-24,13,,7.5,7.5,2,5,1,7,93,98.4%
State,North Dakota,All,2023-24,14,,11.1,11.1,1,4,2,5,45,47.6%
State,Ohio,All,2023-24,40,,4.8,6.8,0,118,75,168,"2,478",> 100%
State,Ohio,All,2023-24,41,,5.1,6.6,0,123,52,161,"2,429",> 100%
State,Ohio,All,2023-24,42,,4.6,6.2,0,115,53,154,"2,485",> 100%
State,Ohio,All,2023-24,43,,4.6,5.7,2,112,49,142,"2,501",> 100%
State,Ohio,All,2023-24,44,,5.4,7.2,2,132,69,178,"2,484",> 100%
State,Ohio,All,2023-24,45,,5.5,7.1,1,135,59,175,"2,477",> 100%
State,Ohio,All,2023-24,46,,6.2,8,0,151,66,195,"2,425",> 100%
State,Ohio,All,2023-24,47,,6.1,7.7,2,149,77,191,"2,472",> 100%
State,Ohio,All,2023-24,48,,6.3,8.4,6,156,77,216,"2,562",> 100%
State,Ohio,All,2023-24,49,,6.5,8.9,2,163,101,225,"2,541",> 100%
State,Ohio,All,2023-24,50,,6.6,8.8,0,174,93,233,"2,638",> 100%
State,Ohio,All,2023-24,51,,6.8,9.3,15,161,104,240,"2,576",> 100%
State,Ohio,All,2023-24,52,,7.9,10.2,14,197,107,271,"2,667",> 100%
State,Ohio,All,2023-24,1,,8.9,11.7,26,217,140,319,"2,735",> 100%
State,Ohio,All,2023-24,2,,8.2,10.7,24,203,116,297,"2,772",> 100%
State,Ohio,All,2023-24,3,,7.4,9.5,16,192,97,266,"2,804",> 100%
State,Ohio,All,2023-24,4,,7.3,9.1,24,179,80,254,"2,787",> 100%
State,Ohio,All,2023-24,5,,6.1,7.4,17,138,59,187,"2,521",> 100%
State,Ohio,All,2023-24,6,,6.4,8.2,20,148,62,215,"2,627",> 100%
State,Ohio,All,2023-24,7,,5.9,7.1,18,129,46,179,"2,505",> 100%
State,Ohio,All,2023-24,8,,6.5,7.7,24,143,45,198,"2,575",> 100%
State,Ohio,All,2023-24,9,,6.8,7.9,34,138,42,199,"2,522",> 100%
State,Ohio,All,2023-24,10,,6.5,7.3,24,134,33,179,"2,436",> 100%
State,Ohio,All,2023-24,11,,5.8,6.9,15,114,41,154,"2,242",> 100%
State,Ohio,All,2023-24,12,,6,7,8,100,26,125,"1,789",> 100%
State,Ohio,All,2023-24,13,,4.7,5.5,2,59,18,71,"1,300",85.8%
State,Ohio,All,2023-24,14,,4.6,5.1,0,28,5,31,607,40.1%
State,Oklahoma,All,2023-24,40,,9,10.7,2,71,20,87,810,> 100%
State,Oklahoma,All,2023-24,41,,7.1,8.2,0,57,19,66,807,> 100%
State,Oklahoma,All,2023-24,42,,7.3,9.4,2,60,28,80,847,> 100%
State,Oklahoma,All,2023-24,43,,7.5,9.3,0,61,24,75,809,> 100%
State,Oklahoma,All,2023-24,44,,7,8.6,2,60,17,76,885,> 100%
State,Oklahoma,All,2023-24,45,,7.6,9,0,67,20,79,879,> 100%
State,Oklahoma,All,2023-24,46,,10.8,13.4,3,87,34,112,834,> 100%
State,Oklahoma,All,2023-24,47,,8.2,9.8,2,70,24,86,877,> 100%
State,Oklahoma,All,2023-24,48,,8.1,10.7,0,72,36,95,888,> 100%
State,Oklahoma,All,2023-24,49,,8.2,10.3,5,70,30,94,913,> 100%
State,Oklahoma,All,2023-24,50,,7.5,10.3,1,68,32,95,918,> 100%
State,Oklahoma,All,2023-24,51,,9.1,11.8,5,79,40,109,923,> 100%
State,Oklahoma,All,2023-24,52,,9,12.5,3,79,49,114,909,> 100%
State,Oklahoma,All,2023-24,1,,12.4,15.4,8,118,61,157,"1,018",> 100%
State,Oklahoma,All,2023-24,2,,10,12,7,93,35,120,997,> 100%
State,Oklahoma,All,2023-24,3,,8.4,11.2,9,72,40,108,968,> 100%
State,Oklahoma,All,2023-24,4,,11.8,14.1,9,108,35,139,989,> 100%
State,Oklahoma,All,2023-24,5,,9.3,11,11,80,27,108,983,> 100%
State,Oklahoma,All,2023-24,6,,12.3,14.2,15,103,35,136,958,> 100%
State,Oklahoma,All,2023-24,7,,11.6,13.5,15,80,27,110,817,> 100%
State,Oklahoma,All,2023-24,8,,9.1,10.5,10,72,21,95,905,> 100%
State,Oklahoma,All,2023-24,9,,9.2,10.6,9,65,20,85,801,> 100%
State,Oklahoma,All,2023-24,10,,9.5,11.2,12,62,15,87,776,> 100%
State,Oklahoma,All,2023-24,11,,8.5,9.4,7,60,13,74,784,> 100%
State,Oklahoma,All,2023-24,12,,9.9,10.3,10,57,12,70,680,> 100%
State,Oklahoma,All,2023-24,13,,7.2,8.7,3,35,10,46,529,96.8%
State,Oklahoma,All,2023-24,14,,13.6,15.5,2,34,6,41,264,48.3%
State,Oregon,All,2023-24,40,,5.1,7,1,42,22,59,845,> 100%
State,Oregon,All,2023-24,41,,3.7,6.1,0,32,29,52,856,> 100%
State,Oregon,All,2023-24,42,,4.9,6.3,0,43,21,55,869,> 100%
State,Oregon,All,2023-24,43,,5.3,7.6,0,40,26,57,752,> 100%
State,Oregon,All,2023-24,44,,4.5,6.5,2,36,27,55,842,> 100%
State,Oregon,All,2023-24,45,,3.6,5.3,0,29,19,42,799,> 100%
State,Oregon,All,2023-24,46,,4.5,6.8,1,35,28,54,796,> 100%
State,Oregon,All,2023-24,47,,4.7,6.2,0,39,15,51,824,> 100%
State,Oregon,All,2023-24,48,,5.3,6.8,0,49,20,62,917,> 100%
State,Oregon,All,2023-24,49,,5.1,7.1,2,41,20,60,840,> 100%
State,Oregon,All,2023-24,50,,6,7.3,1,48,19,59,813,> 100%
State,Oregon,All,2023-24,51,,7.4,8.5,3,57,17,69,815,> 100%
State,Oregon,All,2023-24,52,,5.9,7.5,4,49,25,67,899,> 100%
State,Oregon,All,2023-24,1,,5.6,7.2,4,44,21,61,852,> 100%
State,Oregon,All,2023-24,2,,6.1,7.2,7,46,22,62,866,> 100%
State,Oregon,All,2023-24,3,,5.1,6.8,8,39,22,63,921,> 100%
State,Oregon,All,2023-24,4,,5.4,6.4,8,43,16,60,944,> 100%
State,Oregon,All,2023-24,5,,4.8,5.9,5,34,13,48,812,> 100%
State,Oregon,All,2023-24,6,,4.8,5.6,4,36,14,47,842,> 100%
State,Oregon,All,2023-24,7,,6.1,7.1,2,48,11,58,814,> 100%
State,Oregon,All,2023-24,8,,4.1,4.9,3,31,14,41,831,> 100%
State,Oregon,All,2023-24,9,,4.1,5.8,2,31,19,46,796,> 100%
State,Oregon,All,2023-24,10,,3.4,4.1,3,22,10,30,735,> 100%
State,Oregon,All,2023-24,11,,5.8,7.6,1,41,16,55,724,> 100%
State,Oregon,All,2023-24,12,,4.7,5.7,3,25,10,34,598,> 100%
State,Oregon,All,2023-24,13,,5.7,5.9,2,25,3,28,471,> 100%
State,Oregon,All,2023-24,14,,4.8,5.2,2,11,1,14,269,59.4%
State,Pennsylvania,All,2023-24,40,,4.9,6.5,1,132,65,177,"2,734",> 100%
State,Pennsylvania,All,2023-24,41,,5.8,7.6,0,153,65,200,"2,624",> 100%
State,Pennsylvania,All,2023-24,42,,5.5,7.9,1,142,87,208,"2,623",> 100%
State,Pennsylvania,All,2023-24,43,,6,8.2,2,162,89,223,"2,729",> 100%
State,Pennsylvania,All,2023-24,44,,5.5,7.4,1,142,67,194,"2,615",> 100%
State,Pennsylvania,All,2023-24,45,,5.7,7.7,5,151,85,212,"2,759",> 100%
State,Pennsylvania,All,2023-24,46,,6.4,8.4,0,176,85,231,"2,755",> 100%
State,Pennsylvania,All,2023-24,47,,5.9,7.8,2,160,82,214,"2,734",> 100%
State,Pennsylvania,All,2023-24,48,,6.2,8.6,4,175,99,246,"2,870",> 100%
State,Pennsylvania,All,2023-24,49,,5.6,8.1,2,160,93,234,"2,886",> 100%
State,Pennsylvania,All,2023-24,50,,6.4,8.7,13,162,93,238,"2,727",> 100%
State,Pennsylvania,All,2023-24,51,,6.7,9.4,24,163,101,264,"2,810",> 100%
State,Pennsylvania,All,2023-24,52,,7.3,9.8,32,181,116,286,"2,909",> 100%
State,Pennsylvania,All,2023-24,1,,7.6,10.3,39,182,128,299,"2,913",> 100%
State,Pennsylvania,All,2023-24,2,,9,12.1,49,225,139,366,"3,035",> 100%
State,Pennsylvania,All,2023-24,3,,7.5,10.2,36,186,130,304,"2,979",> 100%
State,Pennsylvania,All,2023-24,4,,7.7,9.8,28,194,114,285,"2,899",> 100%
State,Pennsylvania,All,2023-24,5,,7.5,9.7,33,183,90,277,"2,866",> 100%
State,Pennsylvania,All,2023-24,6,,6.2,7.8,21,147,67,210,"2,690",> 100%
State,Pennsylvania,All,2023-24,7,,6.4,7.9,28,142,64,211,"2,660",> 100%
State,Pennsylvania,All,2023-24,8,,5.7,6.8,17,137,53,185,"2,703",> 100%
State,Pennsylvania,All,2023-24,9,,6.7,8,11,171,54,219,"2,724",> 100%
State,Pennsylvania,All,2023-24,10,,6.5,7.3,27,152,38,200,"2,734",> 100%
State,Pennsylvania,All,2023-24,11,,7.2,8.1,17,169,43,211,"2,591",> 100%
State,Pennsylvania,All,2023-24,12,,6.2,7.2,9,137,33,169,"2,345",> 100%
State,Pennsylvania,All,2023-24,13,,6.3,6.9,15,118,27,147,"2,117",> 100%
State,Pennsylvania,All,2023-24,14,,5.7,6.4,4,91,19,106,"1,668",79.3%
State,Rhode Island,All,2023-24,40,,6.4,9.1,0,14,9,20,219,> 100%
State,Rhode Island,All,2023-24,41,,4.3,5.3,0,9,3,11,209,> 100%
State,Rhode Island,All,2023-24,42,,5.4,6.9,1,10,5,14,202,> 100%
State,Rhode Island,All,2023-24,43,,3.2,5,0,7,6,11,220,> 100%
State,Rhode Island,All,2023-24,44,,6.3,7.3,0,12,3,14,191,> 100%
State,Rhode Island,All,2023-24,45,,4.5,5.4,0,9,2,11,202,> 100%
State,Rhode Island,All,2023-24,46,,5.3,7.5,0,12,6,17,226,> 100%
State,Rhode Island,All,2023-24,47,,3.7,6.5,0,8,6,14,216,> 100%
State,Rhode Island,All,2023-24,48,,5.2,5.7,0,10,2,11,193,> 100%
State,Rhode Island,All,2023-24,49,,5.9,7.2,1,12,5,16,221,> 100%
State,Rhode Island,All,2023-24,50,,7.6,9.5,3,13,6,20,210,> 100%
State,Rhode Island,All,2023-24,51,,6.6,7,2,14,1,17,243,> 100%
State,Rhode Island,All,2023-24,52,,8.1,10,4,13,7,21,211,> 100%
State,Rhode Island,All,2023-24,1,,8.7,11.1,4,14,9,23,208,> 100%
State,Rhode Island,All,2023-24,2,,9.9,12.9,4,19,11,30,232,> 100%
State,Rhode Island,All,2023-24,3,,9.3,13.5,6,14,10,29,215,> 100%
State,Rhode Island,All,2023-24,4,,4.8,7.4,1,10,6,17,229,> 100%
State,Rhode Island,All,2023-24,5,,8,9.4,0,17,4,20,212,> 100%
State,Rhode Island,All,2023-24,6,,7.6,10.6,6,12,9,25,236,> 100%
State,Rhode Island,All,2023-24,7,,8,9.9,2,15,6,21,213,> 100%
State,Rhode Island,All,2023-24,8,,5.9,6.4,0,12,1,13,204,> 100%
State,Rhode Island,All,2023-24,9,,7.4,7.4,6,10,3,16,216,> 100%
State,Rhode Island,All,2023-24,10,,6.6,7.1,2,10,2,13,183,> 100%
State,Rhode Island,All,2023-24,11,,6.9,6.9,1,11,2,12,174,> 100%
State,Rhode Island,All,2023-24,12,,6.4,8,3,9,4,15,188,> 100%
State,Rhode Island,All,2023-24,13,,4.6,4.6,0,7,1,7,153,> 100%
State,Rhode Island,All,2023-24,14,,2.6,4.3,1,2,2,5,115,92.1%
State,South Carolina,All,2023-24,40,,5.3,6.3,0,57,17,68,"1,074",> 100%
State,South Carolina,All,2023-24,41,,5.2,7.1,0,53,30,72,"1,020",> 100%
State,South Carolina,All,2023-24,42,,5.4,7.2,1,60,31,81,"1,120",> 100%
State,South Carolina,All,2023-24,43,,4.7,5.7,0,52,19,63,"1,103",> 100%
State,South Carolina,All,2023-24,44,,5.3,6.1,3,52,13,63,"1,038",> 100%
State,South Carolina,All,2023-24,45,,6.8,8.4,1,79,24,99,"1,174",> 100%
State,South Carolina,All,2023-24,46,,6.1,7.6,4,66,27,87,"1,140",> 100%
State,South Carolina,All,2023-24,47,,5.2,6.6,4,52,23,71,"1,076",> 100%
State,South Carolina,All,2023-24,48,,6.9,8.1,5,76,19,96,"1,180",> 100%
State,South Carolina,All,2023-24,49,,6.5,7.8,7,73,30,97,"1,237",> 100%
State,South Carolina,All,2023-24,50,,6.8,8.6,10,69,28,100,"1,168",> 100%
State,South Carolina,All,2023-24,51,,9.2,10.4,23,96,37,135,"1,292",> 100%
State,South Carolina,All,2023-24,52,,8.6,10.3,25,83,35,129,"1,256",> 100%
State,South Carolina,All,2023-24,1,,10,12.1,37,93,46,158,"1,301",> 100%
State,South Carolina,All,2023-24,2,,9.1,11.7,25,84,46,140,"1,199",> 100%
State,South Carolina,All,2023-24,3,,8.3,10.6,18,79,45,125,"1,175",> 100%
State,South Carolina,All,2023-24,4,,8.3,10.1,12,94,40,128,"1,272",> 100%
State,South Carolina,All,2023-24,5,,6.1,8.1,11,59,32,92,"1,139",> 100%
State,South Carolina,All,2023-24,6,,7.6,9.3,7,80,31,106,"1,138",> 100%
State,South Carolina,All,2023-24,7,,6.3,8.5,10,62,46,97,"1,139",> 100%
State,South Carolina,All,2023-24,8,,5.9,7.9,3,37,20,54,682,> 100%
State,South Carolina,All,2023-24,9,,7,9,5,75,38,103,"1,146",> 100%
State,South Carolina,All,2023-24,10,,5.6,7.4,8,56,32,84,"1,142",> 100%
State,South Carolina,All,2023-24,11,,4.9,5.7,1,54,13,64,"1,125",> 100%
State,South Carolina,All,2023-24,12,,5.9,7.1,1,60,22,73,"1,027",> 100%
State,South Carolina,All,2023-24,13,,5.1,6.5,1,45,17,58,897,> 100%
State,South Carolina,All,2023-24,14,,3.9,4.8,1,25,9,32,662,> 100%
State,South Dakota,All,2023-24,40,,6.1,8.5,0,10,5,14,165,> 100%
State,South Dakota,All,2023-24,41,,5.4,8.3,0,9,7,14,168,> 100%
State,South Dakota,All,2023-24,42,,6.8,8.4,0,13,6,16,190,> 100%
State,South Dakota,All,2023-24,43,,7.6,9.3,1,12,4,16,172,> 100%
State,South Dakota,All,2023-24,44,,9.9,10.6,0,16,3,17,161,> 100%
State,South Dakota,All,2023-24,45,,11,12.7,0,20,6,23,181,> 100%
State,South Dakota,All,2023-24,46,,9.4,11.9,0,15,6,19,159,> 100%
State,South Dakota,All,2023-24,47,,9.7,13.1,0,17,7,23,175,> 100%
State,South Dakota,All,2023-24,48,,7.3,9.9,0,14,6,19,191,> 100%
State,South Dakota,All,2023-24,49,,8.3,11.9,0,14,7,20,168,> 100%
State,South Dakota,All,2023-24,50,,8.9,11.7,1,15,8,21,179,> 100%
State,South Dakota,All,2023-24,51,,4.6,5.9,1,6,3,9,152,> 100%
State,South Dakota,All,2023-24,52,,9.3,11,3,13,8,19,172,> 100%
State,South Dakota,All,2023-24,1,,8.2,9.2,2,13,4,17,184,> 100%
State,South Dakota,All,2023-24,2,,6.9,10.6,4,9,9,20,189,> 100%
State,South Dakota,All,2023-24,3,,4.4,6,0,8,5,11,182,> 100%
State,South Dakota,All,2023-24,4,,9.3,12.1,4,13,8,22,182,> 100%
State,South Dakota,All,2023-24,5,,7.7,9.9,3,11,4,18,182,> 100%
State,South Dakota,All,2023-24,6,,8.1,10.6,5,8,6,17,160,> 100%
State,South Dakota,All,2023-24,7,,9.1,10.7,2,16,5,21,197,> 100%
State,South Dakota,All,2023-24,8,,10,12.4,5,12,5,21,170,> 100%
State,South Dakota,All,2023-24,9,,9.7,10.4,5,10,1,16,154,> 100%
State,South Dakota,All,2023-24,10,,10.5,13.1,2,14,6,20,153,> 100%
State,South Dakota,All,2023-24,11,,7.5,11,3,8,6,16,146,> 100%
State,South Dakota,All,2023-24,12,,6.3,7,0,9,1,10,142,> 100%
State,South Dakota,All,2023-24,13,,8.7,8.7,2,6,1,8,92,94.3%
State,South Dakota,All,2023-24,14,,12.1,12.1,2,5,0,7,58,59.5%
State,Tennessee,All,2023-24,40,,5.8,7.2,1,83,27,104,"1,442",> 100%
State,Tennessee,All,2023-24,41,,6.5,7.3,0,98,20,111,"1,512",> 100%
State,Tennessee,All,2023-24,42,,6.6,8.1,5,93,35,121,"1,489",> 100%
State,Tennessee,All,2023-24,43,,6.6,7.8,2,94,24,113,"1,449",> 100%
State,Tennessee,All,2023-24,44,,6.3,7.6,2,95,35,118,"1,543",> 100%
State,Tennessee,All,2023-24,45,,8.3,9.4,3,126,39,146,"1,553",> 100%
State,Tennessee,All,2023-24,46,,5.8,7,1,87,33,107,"1,527",> 100%
State,Tennessee,All,2023-24,47,,6.9,7.9,6,100,31,122,"1,545",> 100%
State,Tennessee,All,2023-24,48,,7.5,9.3,3,114,44,145,"1,551",> 100%
State,Tennessee,All,2023-24,49,,7.4,9,3,118,46,147,"1,635",> 100%
State,Tennessee,All,2023-24,50,,8,9.6,6,123,50,154,"1,609",> 100%
State,Tennessee,All,2023-24,51,,7.8,10,12,124,57,173,"1,734",> 100%
State,Tennessee,All,2023-24,52,,9.7,12.2,24,144,59,210,"1,725",> 100%
State,Tennessee,All,2023-24,1,,11.5,13.1,31,169,53,228,"1,737",> 100%
State,Tennessee,All,2023-24,2,,10.5,11.9,29,160,59,214,"1,799",> 100%
State,Tennessee,All,2023-24,3,,10.6,12.8,28,148,59,212,"1,660",> 100%
State,Tennessee,All,2023-24,4,,9.6,11.4,20,145,56,195,"1,711",> 100%
State,Tennessee,All,2023-24,5,,8,10.1,11,121,52,166,"1,645",> 100%
State,Tennessee,All,2023-24,6,,7.5,8.9,10,107,37,139,"1,557",> 100%
State,Tennessee,All,2023-24,7,,7.3,8.7,10,104,40,136,"1,561",> 100%
State,Tennessee,All,2023-24,8,,7.2,8.6,9,102,34,133,"1,543",> 100%
State,Tennessee,All,2023-24,9,,8.3,9.6,6,122,41,149,"1,546",> 100%
State,Tennessee,All,2023-24,10,,7.5,8.8,11,106,28,136,"1,553",> 100%
State,Tennessee,All,2023-24,11,,7.2,8.7,6,97,32,125,"1,438",> 100%
State,Tennessee,All,2023-24,12,,6.6,7.6,4,80,25,97,"1,273",> 100%
State,Tennessee,All,2023-24,13,,5.9,6.9,5,56,12,72,"1,041",> 100%
State,Tennessee,All,2023-24,14,,6.4,8.1,1,46,17,59,732,71%
State,Texas,All,2023-24,40,,5.7,6.8,1,239,83,288,"4,227",> 100%
State,Texas,All,2023-24,41,,6.3,7.5,5,258,77,311,"4,169",> 100%
State,Texas,All,2023-24,42,,6.7,7.4,4,283,72,320,"4,311",> 100%
State,Texas,All,2023-24,43,,6.7,7.4,8,273,63,311,"4,199",> 100%
State,Texas,All,2023-24,44,,6.2,7.1,8,253,68,299,"4,220",> 100%
State,Texas,All,2023-24,45,,6.2,7,4,271,76,311,"4,435",> 100%
State,Texas,All,2023-24,46,,6.6,7.6,15,272,71,330,"4,324",> 100%
State,Texas,All,2023-24,47,,6.5,7.3,16,271,71,324,"4,416",> 100%
State,Texas,All,2023-24,48,,6.9,8,14,295,86,356,"4,469",> 100%
State,Texas,All,2023-24,49,,7.1,7.9,17,310,61,362,"4,580",> 100%
State,Texas,All,2023-24,50,,6.6,7.3,22,281,71,339,"4,617",> 100%
State,Texas,All,2023-24,51,,7.6,8.6,45,313,90,403,"4,683",> 100%
State,Texas,All,2023-24,52,,8,9.4,45,335,119,445,"4,733",> 100%
State,Texas,All,2023-24,1,,8.3,9.5,57,354,126,474,"4,968",> 100%
State,Texas,All,2023-24,2,,9,10.4,64,384,150,518,"5,001",> 100%
State,Texas,All,2023-24,3,,8.4,9.8,43,375,148,488,"4,992",> 100%
State,Texas,All,2023-24,4,,8.6,10.3,48,374,140,503,"4,892",> 100%
State,Texas,All,2023-24,5,,8,9.1,47,327,111,426,"4,697",> 100%
State,Texas,All,2023-24,6,,7.8,8.7,43,310,97,394,"4,536",> 100%
State,Texas,All,2023-24,7,,7.8,8.9,36,309,95,390,"4,399",> 100%
State,Texas,All,2023-24,8,,7.5,8.4,28,314,90,384,"4,551",> 100%
State,Texas,All,2023-24,9,,7.6,8.5,21,306,72,363,"4,281",> 100%
State,Texas,All,2023-24,10,,6.5,7.6,14,261,74,319,"4,201",> 100%
State,Texas,All,2023-24,11,,6,6.8,17,222,61,271,"3,958",> 100%
State,Texas,All,2023-24,12,,6.7,7.2,7,215,42,239,"3,334",> 100%
State,Texas,All,2023-24,13,,6.6,6.9,4,171,21,184,"2,664",> 100%
State,Texas,All,2023-24,14,,6.7,7.3,6,75,16,89,"1,218",50.3%
State,Utah,All,2023-24,40,,4.7,5.8,0,20,10,25,429,> 100%
State,Utah,All,2023-24,41,,5.9,6.8,0,25,10,29,426,> 100%
State,Utah,All,2023-24,42,,3.7,4.4,0,15,6,18,405,> 100%
State,Utah,All,2023-24,43,,4.9,5.6,1,20,7,24,428,> 100%
State,Utah,All,2023-24,44,,5.6,6.3,1,23,4,27,429,> 100%
State,Utah,All,2023-24,45,,5,5.7,1,20,11,24,423,> 100%
State,Utah,All,2023-24,46,,4.7,5.8,1,20,10,26,450,> 100%
State,Utah,All,2023-24,47,,6,8.5,0,26,15,37,434,> 100%
State,Utah,All,2023-24,48,,6.4,7.8,0,26,10,32,408,> 100%
State,Utah,All,2023-24,49,,4.5,5.7,2,17,10,24,420,> 100%
State,Utah,All,2023-24,50,,5.5,7,3,21,10,31,440,> 100%
State,Utah,All,2023-24,51,,7,7.6,2,31,8,36,472,> 100%
State,Utah,All,2023-24,52,,6.5,8,4,26,13,37,465,> 100%
State,Utah,All,2023-24,1,,8.6,9.9,10,29,9,45,454,> 100%
State,Utah,All,2023-24,2,,9.6,10.7,6,41,14,52,488,> 100%
State,Utah,All,2023-24,3,,6.6,7.8,8,24,11,38,488,> 100%
State,Utah,All,2023-24,4,,7.2,9.4,6,27,13,43,456,> 100%
State,Utah,All,2023-24,5,,4.4,5.3,2,17,8,23,431,> 100%
State,Utah,All,2023-24,6,,4,4,0,17,1,17,426,> 100%
State,Utah,All,2023-24,7,,3.6,4,4,11,3,17,421,> 100%
State,Utah,All,2023-24,8,,6.2,6.7,3,20,3,25,371,> 100%
State,Utah,All,2023-24,9,,6.9,7.3,2,27,4,31,423,> 100%
State,Utah,All,2023-24,10,,6.8,6.8,3,24,1,27,400,> 100%
State,Utah,All,2023-24,11,,4.4,5.1,2,15,4,20,390,> 100%
State,Utah,All,2023-24,12,,3.9,4.7,0,15,3,18,380,> 100%
State,Utah,All,2023-24,13,,4.9,5.4,1,16,3,19,349,> 100%
State,Utah,All,2023-24,14,,5.9,6.3,0,17,1,18,286,> 100%
State,Vermont,All,2023-24,40,,6.8,8.3,0,9,4,11,133,> 100%
State,Vermont,All,2023-24,41,,6.7,10.5,0,7,6,11,105,> 100%
State,Vermont,All,2023-24,42,,4,7.2,0,5,5,9,125,> 100%
State,Vermont,All,2023-24,43,,10.4,16,1,10,7,17,106,> 100%
State,Vermont,All,2023-24,44,,4.1,7.4,0,5,4,9,121,> 100%
State,Vermont,All,2023-24,45,,2.8,3.5,0,4,2,5,144,> 100%
State,Vermont,All,2023-24,46,,1.5,5.9,0,2,6,8,136,> 100%
State,Vermont,All,2023-24,47,,4.3,5.2,0,5,2,6,115,> 100%
State,Vermont,All,2023-24,48,,5,13.2,0,6,10,16,121,> 100%
State,Vermont,All,2023-24,49,,3.5,4.2,0,5,1,6,144,> 100%
State,Vermont,All,2023-24,50,,5.9,8.9,0,6,4,9,101,> 100%
State,Vermont,All,2023-24,51,,5.4,9.3,0,7,5,12,129,> 100%
State,Vermont,All,2023-24,52,,12.1,16.1,4,11,6,20,124,> 100%
State,Vermont,All,2023-24,1,,9.1,11.6,2,13,6,19,164,> 100%
State,Vermont,All,2023-24,2,,11.4,14.3,3,13,6,20,140,> 100%
State,Vermont,All,2023-24,3,,9.4,13.4,1,13,7,20,149,> 100%
State,Vermont,All,2023-24,4,,7.6,12.7,3,6,7,15,118,> 100%
State,Vermont,All,2023-24,5,,5.6,8,1,6,3,10,125,> 100%
State,Vermont,All,2023-24,6,,9.2,11.3,0,13,7,16,141,> 100%
State,Vermont,All,2023-24,7,,8.5,12.4,0,11,5,16,129,> 100%
State,Vermont,All,2023-24,8,,8.2,9.7,0,11,4,13,134,> 100%
State,Vermont,All,2023-24,9,,9.8,12.5,0,11,3,14,112,> 100%
State,Vermont,All,2023-24,10,,8.7,11.6,2,10,5,16,138,> 100%
State,Vermont,All,2023-24,11,,3.3,4.9,0,4,2,6,123,> 100%
State,Vermont,All,2023-24,12,,9.1,9.9,4,7,1,12,121,> 100%
State,Vermont,All,2023-24,13,,11.3,11.3,3,8,1,11,97,> 100%
State,Vermont,All,2023-24,14,,2.2,2.2,0,1,0,1,46,51%
State,Virginia,All,2023-24,40,,4.5,6.2,0,65,38,90,"1,449",> 100%
State,Virginia,All,2023-24,41,,4.6,6.1,3,64,37,89,"1,450",> 100%
State,Virginia,All,2023-24,42,,6.1,7.7,3,86,35,113,"1,466",> 100%
State,Virginia,All,2023-24,43,,4.7,6.4,0,69,38,95,"1,482",> 100%
State,Virginia,All,2023-24,44,,5.4,6.8,2,81,32,105,"1,538",> 100%
State,Virginia,All,2023-24,45,,4.9,6.5,0,75,38,100,"1,540",> 100%
State,Virginia,All,2023-24,46,,4.7,6.4,2,70,39,97,"1,526",> 100%
State,Virginia,All,2023-24,47,,4.7,6.1,1,69,32,91,"1,494",> 100%
State,Virginia,All,2023-24,48,,6.4,8.2,4,99,53,132,"1,610",> 100%
State,Virginia,All,2023-24,49,,7.1,9.1,1,114,49,148,"1,625",> 100%
State,Virginia,All,2023-24,50,,7,8.8,5,105,48,139,"1,580",> 100%
State,Virginia,All,2023-24,51,,6.9,9.1,12,96,60,143,"1,566",> 100%
State,Virginia,All,2023-24,52,,7.5,10,26,111,75,183,"1,825",> 100%
State,Virginia,All,2023-24,1,,8.8,11.7,27,126,82,204,"1,740",> 100%
State,Virginia,All,2023-24,2,,7.9,10.8,19,124,83,196,"1,816",> 100%
State,Virginia,All,2023-24,3,,6.8,9.2,28,86,64,156,"1,687",> 100%
State,Virginia,All,2023-24,4,,6.8,9.6,13,104,74,164,"1,710",> 100%
State,Virginia,All,2023-24,5,,6.3,7.8,11,88,44,123,"1,572",> 100%
State,Virginia,All,2023-24,6,,6.7,9,12,92,54,139,"1,551",> 100%
State,Virginia,All,2023-24,7,,6.1,7.5,11,84,44,118,"1,563",> 100%
State,Virginia,All,2023-24,8,,5.8,7.2,15,72,36,107,"1,490",> 100%
State,Virginia,All,2023-24,9,,5.1,6.5,6,73,42,101,"1,544",> 100%
State,Virginia,All,2023-24,10,,5.8,7,7,78,30,102,"1,457",> 100%
State,Virginia,All,2023-24,11,,5.6,6.6,5,67,22,85,"1,284",> 100%
State,Virginia,All,2023-24,12,,5.9,6.8,4,76,19,91,"1,345",> 100%
State,Virginia,All,2023-24,13,,4.3,5.1,2,48,17,59,"1,150",> 100%
State,Virginia,All,2023-24,14,,3.9,4.5,3,27,8,35,776,83.9%
State,Washington,All,2023-24,40,,6,7.4,1,75,31,94,"1,273",> 100%
State,Washington,All,2023-24,41,,6.3,7.5,0,78,30,93,"1,236",> 100%
State,Washington,All,2023-24,42,,6.2,7.7,2,78,29,99,"1,283",> 100%
State,Washington,All,2023-24,43,,5.6,7.3,1,65,32,86,"1,183",> 100%
State,Washington,All,2023-24,44,,6.6,7.8,1,86,29,102,"1,312",> 100%
State,Washington,All,2023-24,45,,5.5,6.5,2,65,21,79,"1,221",> 100%
State,Washington,All,2023-24,46,,5.9,6.9,2,76,26,91,"1,314",> 100%
State,Washington,All,2023-24,47,,5.5,6.3,2,69,20,81,"1,286",> 100%
State,Washington,All,2023-24,48,,6.4,7.9,5,77,33,101,"1,283",> 100%
State,Washington,All,2023-24,49,,6.7,8.3,7,87,38,116,"1,393",> 100%
State,Washington,All,2023-24,50,,7.3,8.3,5,87,29,104,"1,256",> 100%
State,Washington,All,2023-24,51,,7.1,8.5,8,85,37,112,"1,315",> 100%
State,Washington,All,2023-24,52,,6.8,8.1,13,79,36,110,"1,352",> 100%
State,Washington,All,2023-24,1,,7.8,9.5,18,88,36,129,"1,357",> 100%
State,Washington,All,2023-24,2,,6.8,8.5,11,80,36,113,"1,337",> 100%
State,Washington,All,2023-24,3,,6.9,9.2,10,87,49,129,"1,402",> 100%
State,Washington,All,2023-24,4,,6.6,7.6,11,82,25,108,"1,419",> 100%
State,Washington,All,2023-24,5,,7.2,8.7,7,84,33,111,"1,271",> 100%
State,Washington,All,2023-24,6,,6,7.2,4,73,31,93,"1,286",> 100%
State,Washington,All,2023-24,7,,6.9,8.4,4,83,34,106,"1,257",> 100%
State,Washington,All,2023-24,8,,6.8,8.4,7,77,31,104,"1,244",> 100%
State,Washington,All,2023-24,9,,5.1,5.8,6,60,20,74,"1,285",> 100%
State,Washington,All,2023-24,10,,6,6.8,2,70,18,82,"1,210",> 100%
State,Washington,All,2023-24,11,,5.8,6.9,2,67,20,82,"1,182",> 100%
State,Washington,All,2023-24,12,,6.1,6.5,3,62,14,70,"1,071",> 100%
State,Washington,All,2023-24,13,,5.4,6,5,40,7,50,830,> 100%
State,Washington,All,2023-24,14,,5.4,6,1,19,4,22,367,48.3%
State,West Virginia,All,2023-24,40,,7.6,8,0,34,6,36,449,> 100%
State,West Virginia,All,2023-24,41,,8.3,9,0,39,10,42,468,> 100%
State,West Virginia,All,2023-24,42,,8.9,10.7,1,38,13,47,440,> 100%
State,West Virginia,All,2023-24,43,,8,10,1,35,12,45,451,> 100%
State,West Virginia,All,2023-24,44,,8.8,10.3,1,40,13,48,467,> 100%
State,West Virginia,All,2023-24,45,,8.3,10.3,0,40,14,50,484,> 100%
State,West Virginia,All,2023-24,46,,6.6,8.8,0,32,15,43,486,> 100%
State,West Virginia,All,2023-24,47,,9.2,11.4,0,42,15,52,457,> 100%
State,West Virginia,All,2023-24,48,,7.6,10.1,0,38,24,50,497,> 100%
State,West Virginia,All,2023-24,49,,6.6,8.9,1,34,17,47,528,> 100%
State,West Virginia,All,2023-24,50,,6.9,9.5,2,35,22,51,537,> 100%
State,West Virginia,All,2023-24,51,,9.7,11.4,3,48,22,60,526,> 100%
State,West Virginia,All,2023-24,52,,8.8,10.9,3,44,14,58,534,> 100%
State,West Virginia,All,2023-24,1,,10.4,13.4,6,46,25,67,500,> 100%
State,West Virginia,All,2023-24,2,,11.3,13.7,7,54,24,74,539,> 100%
State,West Virginia,All,2023-24,3,,11.3,13.5,6,55,19,73,541,> 100%
State,West Virginia,All,2023-24,4,,11.6,14.2,11,47,18,71,499,> 100%
State,West Virginia,All,2023-24,5,,10,11,3,48,13,56,510,> 100%
State,West Virginia,All,2023-24,6,,9,9.4,5,39,4,46,487,> 100%
State,West Virginia,All,2023-24,7,,8.2,9,5,34,8,43,476,> 100%
State,West Virginia,All,2023-24,8,,7.5,8.5,6,31,5,42,494,> 100%
State,West Virginia,All,2023-24,9,,9.8,10.9,8,44,10,58,530,> 100%
State,West Virginia,All,2023-24,10,,10.4,11.3,11,39,8,54,479,> 100%
State,West Virginia,All,2023-24,11,,7.6,8,7,29,4,38,473,> 100%
State,West Virginia,All,2023-24,12,,8.7,10.4,2,35,10,44,424,> 100%
State,West Virginia,All,2023-24,13,,9,9.8,1,32,5,36,367,> 100%
State,West Virginia,All,2023-24,14,,11.4,13,1,28,6,33,254,86.7%
State,Wisconsin,All,2023-24,40,,4.5,5.8,0,47,19,61,"1,045",> 100%
State,Wisconsin,All,2023-24,41,,4.4,5.6,0,49,23,62,"1,102",> 100%
State,Wisconsin,All,2023-24,42,,4.3,5.4,0,47,21,60,"1,101",> 100%
State,Wisconsin,All,2023-24,43,,4.1,5.6,0,46,22,63,"1,132",> 100%
State,Wisconsin,All,2023-24,44,,3.6,5.2,0,41,27,60,"1,145",> 100%
State,Wisconsin,All,2023-24,45,,6.4,8,0,72,28,90,"1,131",> 100%
State,Wisconsin,All,2023-24,46,,4.7,5.5,1,53,18,64,"1,160",> 100%
State,Wisconsin,All,2023-24,47,,5.3,6.9,0,59,27,77,"1,121",> 100%
State,Wisconsin,All,2023-24,48,,4.5,6.3,1,54,32,77,"1,218",> 100%
State,Wisconsin,All,2023-24,49,,6.2,9.2,1,72,45,108,"1,178",> 100%
State,Wisconsin,All,2023-24,50,,5.1,8,0,61,50,95,"1,185",> 100%
State,Wisconsin,All,2023-24,51,,5.8,7.1,5,62,33,82,"1,161",> 100%
State,Wisconsin,All,2023-24,52,,7,9.1,11,71,47,106,"1,169",> 100%
State,Wisconsin,All,2023-24,1,,6.2,9.2,13,60,51,108,"1,173",> 100%
State,Wisconsin,All,2023-24,2,,6.8,9.8,11,74,50,123,"1,258",> 100%
State,Wisconsin,All,2023-24,3,,8.6,10.5,21,84,37,128,"1,219",> 100%
State,Wisconsin,All,2023-24,4,,6.5,8.9,9,69,39,107,"1,197",> 100%
State,Wisconsin,All,2023-24,5,,5.4,6.9,10,53,27,80,"1,160",> 100%
State,Wisconsin,All,2023-24,6,,5.8,7.2,8,61,27,86,"1,200",> 100%
State,Wisconsin,All,2023-24,7,,5.7,7.5,10,54,29,84,"1,124",> 100%
State,Wisconsin,All,2023-24,8,,5.5,6.6,8,56,23,77,"1,158",> 100%
State,Wisconsin,All,2023-24,9,,6.5,7.7,8,68,25,89,"1,162",> 100%
State,Wisconsin,All,2023-24,10,,6.1,6.9,9,58,16,76,"1,102",> 100%
State,Wisconsin,All,2023-24,11,,5.2,6.1,4,49,13,62,"1,012",> 100%
State,Wisconsin,All,2023-24,12,,5.7,6.3,3,50,10,58,924,> 100%
State,Wisconsin,All,2023-24,13,,4.8,5.6,4,36,9,47,842,> 100%
State,Wisconsin,All,2023-24,14,,4.5,5.6,1,21,6,27,485,72.9%
State,Wyoming,All,2023-24,40,,4,5,0,4,3,5,100,> 100%
State,Wyoming,All,2023-24,41,,3.1,4.2,0,3,3,4,96,> 100%
State,Wyoming,All,2023-24,42,,10.1,10.1,0,11,3,11,109,> 100%
State,Wyoming,All,2023-24,43,,9.6,11.7,0,9,4,11,94,> 100%
State,Wyoming,All,2023-24,44,,1.9,5.7,0,2,5,6,105,> 100%
State,Wyoming,All,2023-24,45,,8.4,13.4,0,10,8,16,119,> 100%
State,Wyoming,All,2023-24,46,,5.9,7.6,0,7,4,9,118,> 100%
State,Wyoming,All,2023-24,47,,10.9,11.8,1,11,3,13,110,> 100%
State,Wyoming,All,2023-24,48,,9.4,14.2,0,10,6,15,106,> 100%
State,Wyoming,All,2023-24,49,,8.1,10.1,1,7,3,10,99,> 100%
State,Wyoming,All,2023-24,50,,7.6,9.5,1,7,4,10,105,> 100%
State,Wyoming,All,2023-24,51,,5,5,1,5,4,6,120,> 100%
State,Wyoming,All,2023-24,52,,6.7,9.2,3,5,4,11,120,> 100%
State,Wyoming,All,2023-24,1,,10.6,14.4,2,12,5,19,132,> 100%
State,Wyoming,All,2023-24,2,,11.1,12.6,6,9,6,17,135,> 100%
State,Wyoming,All,2023-24,3,,9,10.8,2,8,5,12,111,> 100%
State,Wyoming,All,2023-24,4,,10.9,14.1,3,11,5,18,128,> 100%
State,Wyoming,All,2023-24,5,,10.9,13.2,4,10,7,17,129,> 100%
State,Wyoming,All,2023-24,6,,5.6,6.5,1,6,4,8,124,> 100%
State,Wyoming,All,2023-24,7,,7.1,9.8,1,7,5,11,112,> 100%
State,Wyoming,All,2023-24,8,,5.8,6.7,0,6,2,7,104,> 100%
State,Wyoming,All,2023-24,9,,3.6,5.5,0,4,2,6,110,> 100%
State,Wyoming,All,2023-24,10,,7.2,9,0,8,4,10,111,> 100%
State,Wyoming,All,2023-24,11,,9.1,10.1,1,8,1,10,99,> 100%
State,Wyoming,All,2023-24,12,,5.6,5.6,1,4,0,5,90,> 100%
State,Wyoming,All,2023-24,13,,5.8,8.1,0,5,2,7,86,> 100%
State,Wyoming,All,2023-24,14,,11.8,11.8,1,3,0,4,34,55.8%
State,New York City,All,2023-24,40,,7.3,9.2,0,78,25,98,"1,067",> 100%
State,New York City,All,2023-24,41,,8.1,10.4,1,89,37,116,"1,113",> 100%
State,New York City,All,2023-24,42,,6.2,7.8,0,68,27,86,"1,098",> 100%
State,New York City,All,2023-24,43,,8.3,9.1,0,88,21,96,"1,057",> 100%
State,New York City,All,2023-24,44,,5.8,7.2,0,60,20,75,"1,043",> 100%
State,New York City,All,2023-24,45,,7.3,8.5,1,78,20,92,"1,082",> 100%
State,New York City,All,2023-24,46,,7.1,8,2,76,15,88,"1,099",> 100%
State,New York City,All,2023-24,47,,6.8,8.1,1,73,18,88,"1,087",> 100%
State,New York City,All,2023-24,48,,8.6,10.3,5,90,27,114,"1,107",> 100%
State,New York City,All,2023-24,49,,9,10.1,2,104,25,119,"1,182",> 100%
State,New York City,All,2023-24,50,,9.2,10.6,10,91,26,117,"1,101",> 100%
State,New York City,All,2023-24,51,,9.5,12.2,15,96,42,142,"1,168",> 100%
State,New York City,All,2023-24,52,,10.6,12.5,20,115,35,159,"1,269",> 100%
State,New York City,All,2023-24,1,,10.7,13.7,22,119,62,181,"1,320",> 100%
State,New York City,All,2023-24,2,,10,13,14,117,65,171,"1,314",> 100%
State,New York City,All,2023-24,3,,10.2,14.4,19,100,78,169,"1,170",> 100%
State,New York City,All,2023-24,4,,11.6,14.2,22,114,61,167,"1,174",> 100%
State,New York City,All,2023-24,5,,10.1,12.9,21,94,52,148,"1,143",> 100%
State,New York City,All,2023-24,6,,8.7,10.7,11,90,33,125,"1,163",> 100%
State,New York City,All,2023-24,7,,9,10.9,10,89,32,121,"1,106",> 100%
State,New York City,All,2023-24,8,,7.6,9.3,8,75,27,101,"1,091",> 100%
State,New York City,All,2023-24,9,,8.9,10.7,6,89,25,114,"1,064",> 100%
State,New York City,All,2023-24,10,,8.9,9.6,6,90,15,104,"1,084",> 100%
State,New York City,All,2023-24,11,,8.1,9.1,8,82,20,102,"1,115",> 100%
State,New York City,All,2023-24,12,,7.1,8.4,5,67,17,85,"1,012",> 100%
State,New York City,All,2023-24,13,,9.3,9.6,4,78,4,85,883,> 100%
State,New York City,All,2023-24,14,,7,7.4,1,51,4,55,740,> 100%
